id,domain,capability,specification,status,implementation_evidence,source_ids,next_gate
QK-001,What Quantropy should become,Goals and investment policy,00-vision.md,specified,unassessed; no implementation certification,VANGUARD;LEAN-LIVE,Complete exact model/data specification and independent acceptance evidence
QK-002,What Quantropy should become,Capability and readiness boundaries,00-vision.md,specified,unassessed; no implementation certification,VANGUARD;LEAN-LIVE,Complete exact model/data specification and independent acceptance evidence
QK-003,What Quantropy should become,Workflow-specific quality objectives,00-vision.md,specified,unassessed; no implementation certification,VANGUARD;LEAN-LIVE,Complete exact model/data specification and independent acceptance evidence
QK-004,What Quantropy should become,Personal trading permissions,00-vision.md,specified,unassessed; no implementation certification,VANGUARD;LEAN-LIVE,Complete exact model/data specification and independent acceptance evidence
QK-005,What Quantropy should become,Build versus integrate decisions,00-vision.md,specified,unassessed; no implementation certification,VANGUARD;LEAN-LIVE,Complete exact model/data specification and independent acceptance evidence
QK-006,Workflows and the user experience,Household planning workspace,01-workflows.md,specified,unassessed; no implementation certification,PA;OPENBB,Complete exact model/data specification and independent acceptance evidence
QK-007,Workflows and the user experience,Asset analysis workspace,01-workflows.md,specified,unassessed; no implementation certification,PA;OPENBB,Complete exact model/data specification and independent acceptance evidence
QK-008,Workflows and the user experience,Research notebooks and reports,01-workflows.md,specified,unassessed; no implementation certification,PA;OPENBB,Complete exact model/data specification and independent acceptance evidence
QK-009,Workflows and the user experience,Portfolio and attribution workspace,01-workflows.md,specified,unassessed; no implementation certification,PA;OPENBB,Complete exact model/data specification and independent acceptance evidence
QK-010,Workflows and the user experience,Live operations console,01-workflows.md,specified,unassessed; no implementation certification,PA;OPENBB,Complete exact model/data specification and independent acceptance evidence
QK-011,Workflows and the user experience,Investment journal,01-workflows.md,specified,unassessed; no implementation certification,PA;OPENBB,Complete exact model/data specification and independent acceptance evidence
QK-012,Workflows and the user experience,Accessible explanatory interface,01-workflows.md,specified,unassessed; no implementation certification,PA;OPENBB,Complete exact model/data specification and independent acceptance evidence
QK-013,Workflows and the user experience,API and export parity,01-workflows.md,specified,unassessed; no implementation certification,PA;OPENBB,Complete exact model/data specification and independent acceptance evidence
QK-014,"Instruments, markets and economic contracts",Security master and identifier history,02-instruments.md,specified,unassessed; no implementation certification,LEAN;CME-EXPIRY;OIC-EXERCISE;FINRA-BONDS;ALTERNATIVES,Complete exact model/data specification and independent acceptance evidence
QK-015,"Instruments, markets and economic contracts",Market calendars and time zones,02-instruments.md,specified,unassessed; no implementation certification,LEAN;CME-EXPIRY;OIC-EXERCISE;FINRA-BONDS;ALTERNATIVES,Complete exact model/data specification and independent acceptance evidence
QK-016,"Instruments, markets and economic contracts",Cash and deposits,02-instruments.md,specified,unassessed; no implementation certification,LEAN;CME-EXPIRY;OIC-EXERCISE;FINRA-BONDS;ALTERNATIVES,Complete exact model/data specification and independent acceptance evidence
QK-017,"Instruments, markets and economic contracts",Equities and depositary receipts,02-instruments.md,specified,unassessed; no implementation certification,LEAN;CME-EXPIRY;OIC-EXERCISE;FINRA-BONDS;ALTERNATIVES,Complete exact model/data specification and independent acceptance evidence
QK-018,"Instruments, markets and economic contracts",ETFs mutual funds closed-end funds,02-instruments.md,specified,unassessed; no implementation certification,LEAN;CME-EXPIRY;OIC-EXERCISE;FINRA-BONDS;ALTERNATIVES,Complete exact model/data specification and independent acceptance evidence
QK-019,"Instruments, markets and economic contracts",Government corporate municipal bonds,02-instruments.md,specified,unassessed; no implementation certification,LEAN;CME-EXPIRY;OIC-EXERCISE;FINRA-BONDS;ALTERNATIVES,Complete exact model/data specification and independent acceptance evidence
QK-020,"Instruments, markets and economic contracts",Listed futures and commodity contracts,02-instruments.md,specified,unassessed; no implementation certification,LEAN;CME-EXPIRY;OIC-EXERCISE;FINRA-BONDS;ALTERNATIVES,Complete exact model/data specification and independent acceptance evidence
QK-021,"Instruments, markets and economic contracts",Equity index FX futures options,02-instruments.md,specified,unassessed; no implementation certification,LEAN;CME-EXPIRY;OIC-EXERCISE;FINRA-BONDS;ALTERNATIVES,Complete exact model/data specification and independent acceptance evidence
QK-022,"Instruments, markets and economic contracts",Spot FX and financing,02-instruments.md,specified,unassessed; no implementation certification,LEAN;CME-EXPIRY;OIC-EXERCISE;FINRA-BONDS;ALTERNATIVES,Complete exact model/data specification and independent acceptance evidence
QK-023,"Instruments, markets and economic contracts",Crypto assets and custody,02-instruments.md,specified,unassessed; no implementation certification,LEAN;CME-EXPIRY;OIC-EXERCISE;FINRA-BONDS;ALTERNATIVES,Complete exact model/data specification and independent acceptance evidence
QK-024,"Instruments, markets and economic contracts",Property and private assets,02-instruments.md,specified,unassessed; no implementation certification,LEAN;CME-EXPIRY;OIC-EXERCISE;FINRA-BONDS;ALTERNATIVES,Complete exact model/data specification and independent acceptance evidence
QK-025,"Instruments, markets and economic contracts",Structured products and OTC analysis,02-instruments.md,specified,unassessed; no implementation certification,LEAN;CME-EXPIRY;OIC-EXERCISE;FINRA-BONDS;ALTERNATIVES,Complete exact model/data specification and independent acceptance evidence
QK-026,"Data, provenance and point-in-time truth",Immutable raw ingestion,03-data.md,specified,unassessed; no implementation certification,SEC-XBRL;FRED;IBKR-DATA;IBKR-HISTORY;BOC;FRENCH,Complete exact model/data specification and independent acceptance evidence
QK-027,"Data, provenance and point-in-time truth",Bitemporal availability and revisions,03-data.md,specified,unassessed; no implementation certification,SEC-XBRL;FRED;IBKR-DATA;IBKR-HISTORY;BOC;FRENCH,Complete exact model/data specification and independent acceptance evidence
QK-028,"Data, provenance and point-in-time truth",Price trades quotes order book,03-data.md,specified,unassessed; no implementation certification,SEC-XBRL;FRED;IBKR-DATA;IBKR-HISTORY;BOC;FRENCH,Complete exact model/data specification and independent acceptance evidence
QK-029,"Data, provenance and point-in-time truth",Corporate actions and delistings,03-data.md,specified,unassessed; no implementation certification,SEC-XBRL;FRED;IBKR-DATA;IBKR-HISTORY;BOC;FRENCH,Complete exact model/data specification and independent acceptance evidence
QK-030,"Data, provenance and point-in-time truth",Historical universes and membership,03-data.md,specified,unassessed; no implementation certification,SEC-XBRL;FRED;IBKR-DATA;IBKR-HISTORY;BOC;FRENCH,Complete exact model/data specification and independent acceptance evidence
QK-031,"Data, provenance and point-in-time truth",Filings and fundamental vintages,03-data.md,specified,unassessed; no implementation certification,SEC-XBRL;FRED;IBKR-DATA;IBKR-HISTORY;BOC;FRENCH,Complete exact model/data specification and independent acceptance evidence
QK-032,"Data, provenance and point-in-time truth",Historical option chains,03-data.md,specified,unassessed; no implementation certification,SEC-XBRL;FRED;IBKR-DATA;IBKR-HISTORY;BOC;FRENCH,Complete exact model/data specification and independent acceptance evidence
QK-033,"Data, provenance and point-in-time truth",Individual futures contract histories,03-data.md,specified,unassessed; no implementation certification,SEC-XBRL;FRED;IBKR-DATA;IBKR-HISTORY;BOC;FRENCH,Complete exact model/data specification and independent acceptance evidence
QK-034,"Data, provenance and point-in-time truth",Curves credit spreads and FX,03-data.md,specified,unassessed; no implementation certification,SEC-XBRL;FRED;IBKR-DATA;IBKR-HISTORY;BOC;FRENCH,Complete exact model/data specification and independent acceptance evidence
QK-035,"Data, provenance and point-in-time truth",Macro vintages and releases,03-data.md,specified,unassessed; no implementation certification,SEC-XBRL;FRED;IBKR-DATA;IBKR-HISTORY;BOC;FRENCH,Complete exact model/data specification and independent acceptance evidence
QK-036,"Data, provenance and point-in-time truth",Ownership borrow short interest,03-data.md,specified,unassessed; no implementation certification,SEC-XBRL;FRED;IBKR-DATA;IBKR-HISTORY;BOC;FRENCH,Complete exact model/data specification and independent acceptance evidence
QK-037,"Data, provenance and point-in-time truth",News and alternative data,03-data.md,specified,unassessed; no implementation certification,SEC-XBRL;FRED;IBKR-DATA;IBKR-HISTORY;BOC;FRENCH,Complete exact model/data specification and independent acceptance evidence
QK-038,"Data, provenance and point-in-time truth",Data licenses and cost budget,03-data.md,specified,unassessed; no implementation certification,SEC-XBRL;FRED;IBKR-DATA;IBKR-HISTORY;BOC;FRENCH,Complete exact model/data specification and independent acceptance evidence
QK-039,"Data, provenance and point-in-time truth",Data quality monitoring,03-data.md,specified,unassessed; no implementation certification,SEC-XBRL;FRED;IBKR-DATA;IBKR-HISTORY;BOC;FRENCH,Complete exact model/data specification and independent acceptance evidence
QK-040,"Data, provenance and point-in-time truth",Dataset manifests and reproducibility,03-data.md,specified,unassessed; no implementation certification,SEC-XBRL;FRED;IBKR-DATA;IBKR-HISTORY;BOC;FRENCH,Complete exact model/data specification and independent acceptance evidence
QK-041,Financial statement analysis,Filing ingestion and XBRL contexts,04-statements.md,specified,unassessed; no implementation certification,SEC-XBRL;SEC-STATEMENTS;SEC-MDA,Complete exact model/data specification and independent acceptance evidence
QK-042,Financial statement analysis,Normalized statements with original evidence,04-statements.md,specified,unassessed; no implementation certification,SEC-XBRL;SEC-STATEMENTS;SEC-MDA,Complete exact model/data specification and independent acceptance evidence
QK-043,Financial statement analysis,Common-size and trend analysis,04-statements.md,specified,unassessed; no implementation certification,SEC-XBRL;SEC-STATEMENTS;SEC-MDA,Complete exact model/data specification and independent acceptance evidence
QK-044,Financial statement analysis,Cash earnings reconciliation,04-statements.md,specified,unassessed; no implementation certification,SEC-XBRL;SEC-STATEMENTS;SEC-MDA,Complete exact model/data specification and independent acceptance evidence
QK-045,Financial statement analysis,Working capital and cash conversion,04-statements.md,specified,unassessed; no implementation certification,SEC-XBRL;SEC-STATEMENTS;SEC-MDA,Complete exact model/data specification and independent acceptance evidence
QK-046,Financial statement analysis,Segment and geographic analysis,04-statements.md,specified,unassessed; no implementation certification,SEC-XBRL;SEC-STATEMENTS;SEC-MDA,Complete exact model/data specification and independent acceptance evidence
QK-047,Financial statement analysis,Accounting adjustments and restatements,04-statements.md,specified,unassessed; no implementation certification,SEC-XBRL;SEC-STATEMENTS;SEC-MDA,Complete exact model/data specification and independent acceptance evidence
QK-048,Financial statement analysis,GAAP IFRS comparison,04-statements.md,specified,unassessed; no implementation certification,SEC-XBRL;SEC-STATEMENTS;SEC-MDA,Complete exact model/data specification and independent acceptance evidence
QK-049,Financial statement analysis,Industry-specific statement analysis,04-statements.md,specified,unassessed; no implementation certification,SEC-XBRL;SEC-STATEMENTS;SEC-MDA,Complete exact model/data specification and independent acceptance evidence
QK-050,Financial statement analysis,Footnotes MD&A and obligations,04-statements.md,specified,unassessed; no implementation certification,SEC-XBRL;SEC-STATEMENTS;SEC-MDA,Complete exact model/data specification and independent acceptance evidence
QK-051,"Ratios, quality and forensic screening",Profitability return and margin ratios,05-ratios.md,specified,unassessed; no implementation certification,ALTMAN;BENEISH;PIOTROSKI,Complete exact model/data specification and independent acceptance evidence
QK-052,"Ratios, quality and forensic screening",Liquidity leverage coverage ratios,05-ratios.md,specified,unassessed; no implementation certification,ALTMAN;BENEISH;PIOTROSKI,Complete exact model/data specification and independent acceptance evidence
QK-053,"Ratios, quality and forensic screening",Working capital turnover efficiency,05-ratios.md,specified,unassessed; no implementation certification,ALTMAN;BENEISH;PIOTROSKI,Complete exact model/data specification and independent acceptance evidence
QK-054,"Ratios, quality and forensic screening",Dilution payout and cash quality,05-ratios.md,specified,unassessed; no implementation certification,ALTMAN;BENEISH;PIOTROSKI,Complete exact model/data specification and independent acceptance evidence
QK-055,"Ratios, quality and forensic screening",Valuation multiples and peer ranks,05-ratios.md,specified,unassessed; no implementation certification,ALTMAN;BENEISH;PIOTROSKI,Complete exact model/data specification and independent acceptance evidence
QK-056,"Ratios, quality and forensic screening",Altman variant-aware distress screens,05-ratios.md,specified,unassessed; no implementation certification,ALTMAN;BENEISH;PIOTROSKI,Complete exact model/data specification and independent acceptance evidence
QK-057,"Ratios, quality and forensic screening",Beneish variant-aware manipulation screens,05-ratios.md,specified,unassessed; no implementation certification,ALTMAN;BENEISH;PIOTROSKI,Complete exact model/data specification and independent acceptance evidence
QK-058,"Ratios, quality and forensic screening",Piotroski nine-component score,05-ratios.md,specified,unassessed; no implementation certification,ALTMAN;BENEISH;PIOTROSKI,Complete exact model/data specification and independent acceptance evidence
QK-059,"Ratios, quality and forensic screening",Accrual and earnings-quality measures,05-ratios.md,specified,unassessed; no implementation certification,ALTMAN;BENEISH;PIOTROSKI,Complete exact model/data specification and independent acceptance evidence
QK-060,"Ratios, quality and forensic screening",Sector applicability and missing-input policies,05-ratios.md,specified,unassessed; no implementation certification,ALTMAN;BENEISH;PIOTROSKI,Complete exact model/data specification and independent acceptance evidence
QK-061,Valuation and business modeling,Three-statement operating forecasts,06-valuation.md,specified,unassessed; no implementation certification,DAMODARAN;DAMODARAN-BANKS;BUFFETT,Complete exact model/data specification and independent acceptance evidence
QK-062,Valuation and business modeling,FCFF enterprise DCF,06-valuation.md,specified,unassessed; no implementation certification,DAMODARAN;DAMODARAN-BANKS;BUFFETT,Complete exact model/data specification and independent acceptance evidence
QK-063,Valuation and business modeling,FCFE equity DCF,06-valuation.md,specified,unassessed; no implementation certification,DAMODARAN;DAMODARAN-BANKS;BUFFETT,Complete exact model/data specification and independent acceptance evidence
QK-064,Valuation and business modeling,Dividend and residual income models,06-valuation.md,specified,unassessed; no implementation certification,DAMODARAN;DAMODARAN-BANKS;BUFFETT,Complete exact model/data specification and independent acceptance evidence
QK-065,Valuation and business modeling,Relative valuation and peer selection,06-valuation.md,specified,unassessed; no implementation certification,DAMODARAN;DAMODARAN-BANKS;BUFFETT,Complete exact model/data specification and independent acceptance evidence
QK-066,Valuation and business modeling,Reverse DCF and expectations,06-valuation.md,specified,unassessed; no implementation certification,DAMODARAN;DAMODARAN-BANKS;BUFFETT,Complete exact model/data specification and independent acceptance evidence
QK-067,Valuation and business modeling,Sum of parts NAV liquidation,06-valuation.md,specified,unassessed; no implementation certification,DAMODARAN;DAMODARAN-BANKS;BUFFETT,Complete exact model/data specification and independent acceptance evidence
QK-068,Valuation and business modeling,Banks insurance REIT valuation,06-valuation.md,specified,unassessed; no implementation certification,DAMODARAN;DAMODARAN-BANKS;BUFFETT,Complete exact model/data specification and independent acceptance evidence
QK-069,Valuation and business modeling,Cyclical and distressed valuation,06-valuation.md,specified,unassessed; no implementation certification,DAMODARAN;DAMODARAN-BANKS;BUFFETT,Complete exact model/data specification and independent acceptance evidence
QK-070,Valuation and business modeling,Dilution financing acquisitions,06-valuation.md,specified,unassessed; no implementation certification,DAMODARAN;DAMODARAN-BANKS;BUFFETT,Complete exact model/data specification and independent acceptance evidence
QK-071,Valuation and business modeling,Sensitivity scenario Monte Carlo,06-valuation.md,specified,unassessed; no implementation certification,DAMODARAN;DAMODARAN-BANKS;BUFFETT,Complete exact model/data specification and independent acceptance evidence
QK-072,Valuation and business modeling,Owner earnings and real options,06-valuation.md,specified,unassessed; no implementation certification,DAMODARAN;DAMODARAN-BANKS;BUFFETT,Complete exact model/data specification and independent acceptance evidence
QK-073,Learning from investors without pretending to clone them,Business ownership and value frameworks,07-investor-styles.md,specified,unassessed; no implementation certification,BERKSHIRE;BUFFETT;MARKS;VANGUARD;LYNCH;13F,Complete exact model/data specification and independent acceptance evidence
QK-074,Learning from investors without pretending to clone them,Quality growth and GARP frameworks,07-investor-styles.md,specified,unassessed; no implementation certification,BERKSHIRE;BUFFETT;MARKS;VANGUARD;LYNCH;13F,Complete exact model/data specification and independent acceptance evidence
QK-075,Learning from investors without pretending to clone them,Income sustainability analysis,07-investor-styles.md,specified,unassessed; no implementation certification,BERKSHIRE;BUFFETT;MARKS;VANGUARD;LYNCH;13F,Complete exact model/data specification and independent acceptance evidence
QK-076,Learning from investors without pretending to clone them,Passive allocation baseline,07-investor-styles.md,specified,unassessed; no implementation certification,BERKSHIRE;BUFFETT;MARKS;VANGUARD;LYNCH;13F,Complete exact model/data specification and independent acceptance evidence
QK-077,Learning from investors without pretending to clone them,Macro cycle and contrarian frameworks,07-investor-styles.md,specified,unassessed; no implementation certification,BERKSHIRE;BUFFETT;MARKS;VANGUARD;LYNCH;13F,Complete exact model/data specification and independent acceptance evidence
QK-078,Learning from investors without pretending to clone them,Distressed event-driven special situations,07-investor-styles.md,specified,unassessed; no implementation certification,BERKSHIRE;BUFFETT;MARKS;VANGUARD;LYNCH;13F,Complete exact model/data specification and independent acceptance evidence
QK-079,Learning from investors without pretending to clone them,Investor letters and reading maps,07-investor-styles.md,specified,unassessed; no implementation certification,BERKSHIRE;BUFFETT;MARKS;VANGUARD;LYNCH;13F,Complete exact model/data specification and independent acceptance evidence
QK-080,Learning from investors without pretending to clone them,13F ownership tracking with lag,07-investor-styles.md,specified,unassessed; no implementation certification,BERKSHIRE;BUFFETT;MARKS;VANGUARD;LYNCH;13F,Complete exact model/data specification and independent acceptance evidence
QK-081,Learning from investors without pretending to clone them,Thesis falsification and decision journal,07-investor-styles.md,specified,unassessed; no implementation certification,BERKSHIRE;BUFFETT;MARKS;VANGUARD;LYNCH;13F,Complete exact model/data specification and independent acceptance evidence
QK-082,Factor research and empirical asset pricing,CAPM and multifactor regression,08-factors.md,specified,unassessed; no implementation certification,FRENCH;FF5;MULTIPLE-TESTS,Complete exact model/data specification and independent acceptance evidence
QK-083,Factor research and empirical asset pricing,Fama French three and five factors,08-factors.md,specified,unassessed; no implementation certification,FRENCH;FF5;MULTIPLE-TESTS,Complete exact model/data specification and independent acceptance evidence
QK-084,Factor research and empirical asset pricing,Momentum and other documented factors,08-factors.md,specified,unassessed; no implementation certification,FRENCH;FF5;MULTIPLE-TESTS,Complete exact model/data specification and independent acceptance evidence
QK-085,Factor research and empirical asset pricing,Rolling exposures and attribution,08-factors.md,specified,unassessed; no implementation certification,FRENCH;FF5;MULTIPLE-TESTS,Complete exact model/data specification and independent acceptance evidence
QK-086,Factor research and empirical asset pricing,Cross-sectional portfolio sorts,08-factors.md,specified,unassessed; no implementation certification,FRENCH;FF5;MULTIPLE-TESTS,Complete exact model/data specification and independent acceptance evidence
QK-087,Factor research and empirical asset pricing,Rank IC decay and turnover,08-factors.md,specified,unassessed; no implementation certification,FRENCH;FF5;MULTIPLE-TESTS,Complete exact model/data specification and independent acceptance evidence
QK-088,Factor research and empirical asset pricing,Neutralization and composite factors,08-factors.md,specified,unassessed; no implementation certification,FRENCH;FF5;MULTIPLE-TESTS,Complete exact model/data specification and independent acceptance evidence
QK-089,Factor research and empirical asset pricing,Fama MacBeth and robust inference,08-factors.md,specified,unassessed; no implementation certification,FRENCH;FF5;MULTIPLE-TESTS,Complete exact model/data specification and independent acceptance evidence
QK-090,Factor research and empirical asset pricing,Factor crowding capacity and costs,08-factors.md,specified,unassessed; no implementation certification,FRENCH;FF5;MULTIPLE-TESTS,Complete exact model/data specification and independent acceptance evidence
QK-091,Factor research and empirical asset pricing,Point-in-time security universe,08-factors.md,specified,unassessed; no implementation certification,FRENCH;FF5;MULTIPLE-TESTS,Complete exact model/data specification and independent acceptance evidence
QK-092,Factor research and empirical asset pricing,Multiple-testing control and archives,08-factors.md,specified,unassessed; no implementation certification,FRENCH;FF5;MULTIPLE-TESTS,Complete exact model/data specification and independent acceptance evidence
QK-093,Systematic futures and FX,Time-series trend and forecast calibration,09-futures-fx.md,specified,unassessed; no implementation certification,TREND;CARRY;COT;CME-EXPIRY;CME-CASH,Complete exact model/data specification and independent acceptance evidence
QK-094,Systematic futures and FX,Cross-sectional futures momentum,09-futures-fx.md,specified,unassessed; no implementation certification,TREND;CARRY;COT;CME-EXPIRY;CME-CASH,Complete exact model/data specification and independent acceptance evidence
QK-095,Systematic futures and FX,Commodity rates equity FX carry,09-futures-fx.md,specified,unassessed; no implementation certification,TREND;CARRY;COT;CME-EXPIRY;CME-CASH,Complete exact model/data specification and independent acceptance evidence
QK-096,Systematic futures and FX,Curve spreads and relative value,09-futures-fx.md,specified,unassessed; no implementation certification,TREND;CARRY;COT;CME-EXPIRY;CME-CASH,Complete exact model/data specification and independent acceptance evidence
QK-097,Systematic futures and FX,Seasonality and COT positioning,09-futures-fx.md,specified,unassessed; no implementation certification,TREND;CARRY;COT;CME-EXPIRY;CME-CASH,Complete exact model/data specification and independent acceptance evidence
QK-098,Systematic futures and FX,Contract chains and continuous-series policies,09-futures-fx.md,specified,unassessed; no implementation certification,TREND;CARRY;COT;CME-EXPIRY;CME-CASH,Complete exact model/data specification and independent acceptance evidence
QK-099,Systematic futures and FX,Roll execution and delivery prevention,09-futures-fx.md,specified,unassessed; no implementation certification,TREND;CARRY;COT;CME-EXPIRY;CME-CASH,Complete exact model/data specification and independent acceptance evidence
QK-100,Systematic futures and FX,Volatility scaling and contract granularity,09-futures-fx.md,specified,unassessed; no implementation certification,TREND;CARRY;COT;CME-EXPIRY;CME-CASH,Complete exact model/data specification and independent acceptance evidence
QK-101,Systematic futures and FX,Collateral interest and margin liquidity,09-futures-fx.md,specified,unassessed; no implementation certification,TREND;CARRY;COT;CME-EXPIRY;CME-CASH,Complete exact model/data specification and independent acceptance evidence
QK-102,Systematic futures and FX,FX spot carry and currency accounting,09-futures-fx.md,specified,unassessed; no implementation certification,TREND;CARRY;COT;CME-EXPIRY;CME-CASH,Complete exact model/data specification and independent acceptance evidence
QK-103,Systematic futures and FX,Multi-strategy ensembles and correlation,09-futures-fx.md,specified,unassessed; no implementation certification,TREND;CARRY;COT;CME-EXPIRY;CME-CASH,Complete exact model/data specification and independent acceptance evidence
QK-104,"Options, volatility and derivative modeling",Payoff diagrams and strategy decomposition,10-options.md,specified,unassessed; no implementation certification,QUANTLIB;SVI;OIC-EXERCISE;OIC-ASSIGNMENT;IBKR-HISTORY,Complete exact model/data specification and independent acceptance evidence
QK-105,"Options, volatility and derivative modeling",European equity futures FX pricing,10-options.md,specified,unassessed; no implementation certification,QUANTLIB;SVI;OIC-EXERCISE;OIC-ASSIGNMENT;IBKR-HISTORY,Complete exact model/data specification and independent acceptance evidence
QK-106,"Options, volatility and derivative modeling",American exercise and dividends,10-options.md,specified,unassessed; no implementation certification,QUANTLIB;SVI;OIC-EXERCISE;OIC-ASSIGNMENT;IBKR-HISTORY,Complete exact model/data specification and independent acceptance evidence
QK-107,"Options, volatility and derivative modeling",Trees finite differences Monte Carlo,10-options.md,specified,unassessed; no implementation certification,QUANTLIB;SVI;OIC-EXERCISE;OIC-ASSIGNMENT;IBKR-HISTORY,Complete exact model/data specification and independent acceptance evidence
QK-108,"Options, volatility and derivative modeling",Greeks and finite-difference validation,10-options.md,specified,unassessed; no implementation certification,QUANTLIB;SVI;OIC-EXERCISE;OIC-ASSIGNMENT;IBKR-HISTORY,Complete exact model/data specification and independent acceptance evidence
QK-109,"Options, volatility and derivative modeling",Implied volatility solver and quote filters,10-options.md,specified,unassessed; no implementation certification,QUANTLIB;SVI;OIC-EXERCISE;OIC-ASSIGNMENT;IBKR-HISTORY,Complete exact model/data specification and independent acceptance evidence
QK-110,"Options, volatility and derivative modeling",Volatility smiles and term structures,10-options.md,specified,unassessed; no implementation certification,QUANTLIB;SVI;OIC-EXERCISE;OIC-ASSIGNMENT;IBKR-HISTORY,Complete exact model/data specification and independent acceptance evidence
QK-111,"Options, volatility and derivative modeling",Arbitrage-aware surface calibration,10-options.md,specified,unassessed; no implementation certification,QUANTLIB;SVI;OIC-EXERCISE;OIC-ASSIGNMENT;IBKR-HISTORY,Complete exact model/data specification and independent acceptance evidence
QK-112,"Options, volatility and derivative modeling",SVI SSVI SABR models,10-options.md,specified,unassessed; no implementation certification,QUANTLIB;SVI;OIC-EXERCISE;OIC-ASSIGNMENT;IBKR-HISTORY,Complete exact model/data specification and independent acceptance evidence
QK-113,"Options, volatility and derivative modeling",Local and stochastic volatility,10-options.md,specified,unassessed; no implementation certification,QUANTLIB;SVI;OIC-EXERCISE;OIC-ASSIGNMENT;IBKR-HISTORY,Complete exact model/data specification and independent acceptance evidence
QK-114,"Options, volatility and derivative modeling",Realized volatility and risk premia,10-options.md,specified,unassessed; no implementation certification,QUANTLIB;SVI;OIC-EXERCISE;OIC-ASSIGNMENT;IBKR-HISTORY,Complete exact model/data specification and independent acceptance evidence
QK-115,"Options, volatility and derivative modeling",Dispersion event and skew analysis,10-options.md,specified,unassessed; no implementation certification,QUANTLIB;SVI;OIC-EXERCISE;OIC-ASSIGNMENT;IBKR-HISTORY,Complete exact model/data specification and independent acceptance evidence
QK-116,"Options, volatility and derivative modeling",Dynamic hedging and P&L attribution,10-options.md,specified,unassessed; no implementation certification,QUANTLIB;SVI;OIC-EXERCISE;OIC-ASSIGNMENT;IBKR-HISTORY,Complete exact model/data specification and independent acceptance evidence
QK-117,"Options, volatility and derivative modeling",Assignment expiry pin and deliverable risks,10-options.md,specified,unassessed; no implementation certification,QUANTLIB;SVI;OIC-EXERCISE;OIC-ASSIGNMENT;IBKR-HISTORY,Complete exact model/data specification and independent acceptance evidence
QK-118,"Options, volatility and derivative modeling",Multi-leg liquidity margin and execution,10-options.md,specified,unassessed; no implementation certification,QUANTLIB;SVI;OIC-EXERCISE;OIC-ASSIGNMENT;IBKR-HISTORY,Complete exact model/data specification and independent acceptance evidence
QK-119,"Rates, fixed income and credit",Bond cash-flow schedules and accrued interest,11-rates-credit.md,specified,unassessed; no implementation certification,FINRA-BONDS;TRACE;QUANTLIB,Complete exact model/data specification and independent acceptance evidence
QK-120,"Rates, fixed income and credit",Price yield duration convexity,11-rates-credit.md,specified,unassessed; no implementation certification,FINRA-BONDS;TRACE;QUANTLIB,Complete exact model/data specification and independent acceptance evidence
QK-121,"Rates, fixed income and credit",Discount and forward curve construction,11-rates-credit.md,specified,unassessed; no implementation certification,FINRA-BONDS;TRACE;QUANTLIB,Complete exact model/data specification and independent acceptance evidence
QK-122,"Rates, fixed income and credit",Key-rate DV01 and curve scenarios,11-rates-credit.md,specified,unassessed; no implementation certification,FINRA-BONDS;TRACE;QUANTLIB,Complete exact model/data specification and independent acceptance evidence
QK-123,"Rates, fixed income and credit",Inflation-linked debt and real yields,11-rates-credit.md,specified,unassessed; no implementation certification,FINRA-BONDS;TRACE;QUANTLIB,Complete exact model/data specification and independent acceptance evidence
QK-124,"Rates, fixed income and credit",Credit spreads default recovery,11-rates-credit.md,specified,unassessed; no implementation certification,FINRA-BONDS;TRACE;QUANTLIB,Complete exact model/data specification and independent acceptance evidence
QK-125,"Rates, fixed income and credit",Structural and reduced-form credit models,11-rates-credit.md,specified,unassessed; no implementation certification,FINRA-BONDS;TRACE;QUANTLIB,Complete exact model/data specification and independent acceptance evidence
QK-126,"Rates, fixed income and credit",Callable putable convertible bonds,11-rates-credit.md,specified,unassessed; no implementation certification,FINRA-BONDS;TRACE;QUANTLIB,Complete exact model/data specification and independent acceptance evidence
QK-127,"Rates, fixed income and credit",Mortgage prepayment and structured credit analysis,11-rates-credit.md,specified,unassessed; no implementation certification,FINRA-BONDS;TRACE;QUANTLIB,Complete exact model/data specification and independent acceptance evidence
QK-128,"Rates, fixed income and credit",Swaps swaptions and interest-rate models,11-rates-credit.md,specified,unassessed; no implementation certification,FINRA-BONDS;TRACE;QUANTLIB,Complete exact model/data specification and independent acceptance evidence
QK-129,"Rates, fixed income and credit",Retail liquidity markups and odd lots,11-rates-credit.md,specified,unassessed; no implementation certification,FINRA-BONDS;TRACE;QUANTLIB,Complete exact model/data specification and independent acceptance evidence
QK-130,"Rates, fixed income and credit",Bond fund look-through and tracking,11-rates-credit.md,specified,unassessed; no implementation certification,FINRA-BONDS;TRACE;QUANTLIB,Complete exact model/data specification and independent acceptance evidence
QK-131,Portfolio construction and allocation,Policy and strategic asset allocation,12-portfolios.md,specified,unassessed; no implementation certification,SHRINKAGE;VANGUARD,Complete exact model/data specification and independent acceptance evidence
QK-132,Portfolio construction and allocation,Equal-weight cash and index baselines,12-portfolios.md,specified,unassessed; no implementation certification,SHRINKAGE;VANGUARD,Complete exact model/data specification and independent acceptance evidence
QK-133,Portfolio construction and allocation,Mean variance and minimum variance,12-portfolios.md,specified,unassessed; no implementation certification,SHRINKAGE;VANGUARD,Complete exact model/data specification and independent acceptance evidence
QK-134,Portfolio construction and allocation,Covariance shrinkage and robust estimates,12-portfolios.md,specified,unassessed; no implementation certification,SHRINKAGE;VANGUARD,Complete exact model/data specification and independent acceptance evidence
QK-135,Portfolio construction and allocation,Risk parity and risk budgeting,12-portfolios.md,specified,unassessed; no implementation certification,SHRINKAGE;VANGUARD,Complete exact model/data specification and independent acceptance evidence
QK-136,Portfolio construction and allocation,Hierarchical and Black Litterman research,12-portfolios.md,specified,unassessed; no implementation certification,SHRINKAGE;VANGUARD,Complete exact model/data specification and independent acceptance evidence
QK-137,Portfolio construction and allocation,Goal and liability-aware allocation,12-portfolios.md,specified,unassessed; no implementation certification,SHRINKAGE;VANGUARD,Complete exact model/data specification and independent acceptance evidence
QK-138,Portfolio construction and allocation,Constrained and integer optimization,12-portfolios.md,specified,unassessed; no implementation certification,SHRINKAGE;VANGUARD,Complete exact model/data specification and independent acceptance evidence
QK-139,Portfolio construction and allocation,Tax and turnover-aware rebalance,12-portfolios.md,specified,unassessed; no implementation certification,SHRINKAGE;VANGUARD,Complete exact model/data specification and independent acceptance evidence
QK-140,Portfolio construction and allocation,Strategy ensemble allocation,12-portfolios.md,specified,unassessed; no implementation certification,SHRINKAGE;VANGUARD,Complete exact model/data specification and independent acceptance evidence
QK-141,Portfolio construction and allocation,Cash FX and margin allocation,12-portfolios.md,specified,unassessed; no implementation certification,SHRINKAGE;VANGUARD,Complete exact model/data specification and independent acceptance evidence
QK-142,Portfolio construction and allocation,Optimizer stability and sensitivity,12-portfolios.md,specified,unassessed; no implementation certification,SHRINKAGE;VANGUARD,Complete exact model/data specification and independent acceptance evidence
QK-143,"Risk, leverage and sizing",Volatility drawdown and tail metrics,13-risk.md,specified,unassessed; no implementation certification,LEAN-LIVE;IBKR-WHATIF,Complete exact model/data specification and independent acceptance evidence
QK-144,"Risk, leverage and sizing",VaR expected shortfall and assumptions,13-risk.md,specified,unassessed; no implementation certification,LEAN-LIVE;IBKR-WHATIF,Complete exact model/data specification and independent acceptance evidence
QK-145,"Risk, leverage and sizing",Historical hypothetical combined stress,13-risk.md,specified,unassessed; no implementation certification,LEAN-LIVE;IBKR-WHATIF,Complete exact model/data specification and independent acceptance evidence
QK-146,"Risk, leverage and sizing",Liquidity financing and collateral risk,13-risk.md,specified,unassessed; no implementation certification,LEAN-LIVE;IBKR-WHATIF,Complete exact model/data specification and independent acceptance evidence
QK-147,"Risk, leverage and sizing",Concentration and correlated exposures,13-risk.md,specified,unassessed; no implementation certification,LEAN-LIVE;IBKR-WHATIF,Complete exact model/data specification and independent acceptance evidence
QK-148,"Risk, leverage and sizing",Greeks and full-revaluation risk,13-risk.md,specified,unassessed; no implementation certification,LEAN-LIVE;IBKR-WHATIF,Complete exact model/data specification and independent acceptance evidence
QK-149,"Risk, leverage and sizing",Conservative sizing and Kelly sensitivity,13-risk.md,specified,unassessed; no implementation certification,LEAN-LIVE;IBKR-WHATIF,Complete exact model/data specification and independent acceptance evidence
QK-150,"Risk, leverage and sizing",Pre-trade limits and working-order exposure,13-risk.md,specified,unassessed; no implementation certification,LEAN-LIVE;IBKR-WHATIF,Complete exact model/data specification and independent acceptance evidence
QK-151,"Risk, leverage and sizing",Margin headroom and cash forecasting,13-risk.md,specified,unassessed; no implementation certification,LEAN-LIVE;IBKR-WHATIF,Complete exact model/data specification and independent acceptance evidence
QK-152,"Risk, leverage and sizing",Kill switch and emergency policies,13-risk.md,specified,unassessed; no implementation certification,LEAN-LIVE;IBKR-WHATIF,Complete exact model/data specification and independent acceptance evidence
QK-153,"Risk, leverage and sizing",Risk exceptions and limits governance,13-risk.md,specified,unassessed; no implementation certification,LEAN-LIVE;IBKR-WHATIF,Complete exact model/data specification and independent acceptance evidence
QK-154,"Research design, statistics and machine learning",Hypothesis registry and experiment manifests,14-research.md,specified,unassessed; no implementation certification,OVERFIT;SKLEARN;MULTIPLE-TESTS,Complete exact model/data specification and independent acceptance evidence
QK-155,"Research design, statistics and machine learning",Time-aware train validation test splits,14-research.md,specified,unassessed; no implementation certification,OVERFIT;SKLEARN;MULTIPLE-TESTS,Complete exact model/data specification and independent acceptance evidence
QK-156,"Research design, statistics and machine learning",Purging embargo and overlapping labels,14-research.md,specified,unassessed; no implementation certification,OVERFIT;SKLEARN;MULTIPLE-TESTS,Complete exact model/data specification and independent acceptance evidence
QK-157,"Research design, statistics and machine learning",Walk-forward and holdout governance,14-research.md,specified,unassessed; no implementation certification,OVERFIT;SKLEARN;MULTIPLE-TESTS,Complete exact model/data specification and independent acceptance evidence
QK-158,"Research design, statistics and machine learning",Multiple-testing and selection bias,14-research.md,specified,unassessed; no implementation certification,OVERFIT;SKLEARN;MULTIPLE-TESTS,Complete exact model/data specification and independent acceptance evidence
QK-159,"Research design, statistics and machine learning",Dependence-aware bootstrap uncertainty,14-research.md,specified,unassessed; no implementation certification,OVERFIT;SKLEARN;MULTIPLE-TESTS,Complete exact model/data specification and independent acceptance evidence
QK-160,"Research design, statistics and machine learning",Stationarity cointegration econometrics,14-research.md,specified,unassessed; no implementation certification,OVERFIT;SKLEARN;MULTIPLE-TESTS,Complete exact model/data specification and independent acceptance evidence
QK-161,"Research design, statistics and machine learning",Volatility forecasting and Bayesian models,14-research.md,specified,unassessed; no implementation certification,OVERFIT;SKLEARN;MULTIPLE-TESTS,Complete exact model/data specification and independent acceptance evidence
QK-162,"Research design, statistics and machine learning",Feature pipelines and ML calibration,14-research.md,specified,unassessed; no implementation certification,OVERFIT;SKLEARN;MULTIPLE-TESTS,Complete exact model/data specification and independent acceptance evidence
QK-163,"Research design, statistics and machine learning",NLP alternative data and LLM verification,14-research.md,specified,unassessed; no implementation certification,OVERFIT;SKLEARN;MULTIPLE-TESTS,Complete exact model/data specification and independent acceptance evidence
QK-164,"Research design, statistics and machine learning",Regime robustness and drift monitoring,14-research.md,specified,unassessed; no implementation certification,OVERFIT;SKLEARN;MULTIPLE-TESTS,Complete exact model/data specification and independent acceptance evidence
QK-165,"Research design, statistics and machine learning",Benchmark economic significance and costs,14-research.md,specified,unassessed; no implementation certification,OVERFIT;SKLEARN;MULTIPLE-TESTS,Complete exact model/data specification and independent acceptance evidence
QK-166,Backtesting and realistic simulation,Vectorized exploratory backtests,15-simulation.md,specified,unassessed; no implementation certification,LEAN;LEAN-FILLS;LEAN-LIVE;OVERFIT,Complete exact model/data specification and independent acceptance evidence
QK-167,Backtesting and realistic simulation,Event-driven order and lifecycle simulation,15-simulation.md,specified,unassessed; no implementation certification,LEAN;LEAN-FILLS;LEAN-LIVE;OVERFIT,Complete exact model/data specification and independent acceptance evidence
QK-168,Backtesting and realistic simulation,Causal event ordering and signal timing,15-simulation.md,specified,unassessed; no implementation certification,LEAN;LEAN-FILLS;LEAN-LIVE;OVERFIT,Complete exact model/data specification and independent acceptance evidence
QK-169,Backtesting and realistic simulation,OHLC intrabar ambiguity policies,15-simulation.md,specified,unassessed; no implementation certification,LEAN;LEAN-FILLS;LEAN-LIVE;OVERFIT,Complete exact model/data specification and independent acceptance evidence
QK-170,Backtesting and realistic simulation,Spreads slippage impact and queue models,15-simulation.md,specified,unassessed; no implementation certification,LEAN;LEAN-FILLS;LEAN-LIVE;OVERFIT,Complete exact model/data specification and independent acceptance evidence
QK-171,Backtesting and realistic simulation,Commissions financing borrow and fees,15-simulation.md,specified,unassessed; no implementation certification,LEAN;LEAN-FILLS;LEAN-LIVE;OVERFIT,Complete exact model/data specification and independent acceptance evidence
QK-172,Backtesting and realistic simulation,Partial fills stops limits brackets,15-simulation.md,specified,unassessed; no implementation certification,LEAN;LEAN-FILLS;LEAN-LIVE;OVERFIT,Complete exact model/data specification and independent acceptance evidence
QK-173,Backtesting and realistic simulation,Corporate actions settlement rolls exercise,15-simulation.md,specified,unassessed; no implementation certification,LEAN;LEAN-FILLS;LEAN-LIVE;OVERFIT,Complete exact model/data specification and independent acceptance evidence
QK-174,Backtesting and realistic simulation,Marking missing data and stale-price policies,15-simulation.md,specified,unassessed; no implementation certification,LEAN;LEAN-FILLS;LEAN-LIVE;OVERFIT,Complete exact model/data specification and independent acceptance evidence
QK-175,Backtesting and realistic simulation,Independent accounting and return reconciliation,15-simulation.md,specified,unassessed; no implementation certification,LEAN;LEAN-FILLS;LEAN-LIVE;OVERFIT,Complete exact model/data specification and independent acceptance evidence
QK-176,Backtesting and realistic simulation,Capacity and execution sensitivity,15-simulation.md,specified,unassessed; no implementation certification,LEAN;LEAN-FILLS;LEAN-LIVE;OVERFIT,Complete exact model/data specification and independent acceptance evidence
QK-177,Backtesting and realistic simulation,Replay paper and live comparison,15-simulation.md,specified,unassessed; no implementation certification,LEAN;LEAN-FILLS;LEAN-LIVE;OVERFIT,Complete exact model/data specification and independent acceptance evidence
QK-178,Interactive Brokers and execution engineering,IBKR API choice and account capability matrix,16-execution.md,specified,unassessed; no implementation certification,IBKR-DATA;IBKR-HISTORY;IBKR-ORDER;IBKR-WHATIF;IBKR-ERRORS;IBKR-FLEX,Complete exact model/data specification and independent acceptance evidence
QK-179,Interactive Brokers and execution engineering,Instrument contract resolution,16-execution.md,specified,unassessed; no implementation certification,IBKR-DATA;IBKR-HISTORY;IBKR-ORDER;IBKR-WHATIF;IBKR-ERRORS;IBKR-FLEX,Complete exact model/data specification and independent acceptance evidence
QK-180,Interactive Brokers and execution engineering,Durable order intent and state machine,16-execution.md,specified,unassessed; no implementation certification,IBKR-DATA;IBKR-HISTORY;IBKR-ORDER;IBKR-WHATIF;IBKR-ERRORS;IBKR-FLEX,Complete exact model/data specification and independent acceptance evidence
QK-181,Interactive Brokers and execution engineering,Risk approval and order preview,16-execution.md,specified,unassessed; no implementation certification,IBKR-DATA;IBKR-HISTORY;IBKR-ORDER;IBKR-WHATIF;IBKR-ERRORS;IBKR-FLEX,Complete exact model/data specification and independent acceptance evidence
QK-182,Interactive Brokers and execution engineering,Market limit stop bracket policies,16-execution.md,specified,unassessed; no implementation certification,IBKR-DATA;IBKR-HISTORY;IBKR-ORDER;IBKR-WHATIF;IBKR-ERRORS;IBKR-FLEX,Complete exact model/data specification and independent acceptance evidence
QK-183,Interactive Brokers and execution engineering,Partial fills cancel replace race handling,16-execution.md,specified,unassessed; no implementation certification,IBKR-DATA;IBKR-HISTORY;IBKR-ORDER;IBKR-WHATIF;IBKR-ERRORS;IBKR-FLEX,Complete exact model/data specification and independent acceptance evidence
QK-184,Interactive Brokers and execution engineering,Duplicate and out-of-order callback handling,16-execution.md,specified,unassessed; no implementation certification,IBKR-DATA;IBKR-HISTORY;IBKR-ORDER;IBKR-WHATIF;IBKR-ERRORS;IBKR-FLEX,Complete exact model/data specification and independent acceptance evidence
QK-185,Interactive Brokers and execution engineering,Disconnect recovery and unknown submissions,16-execution.md,specified,unassessed; no implementation certification,IBKR-DATA;IBKR-HISTORY;IBKR-ORDER;IBKR-WHATIF;IBKR-ERRORS;IBKR-FLEX,Complete exact model/data specification and independent acceptance evidence
QK-186,Interactive Brokers and execution engineering,Broker positions orders executions reconciliation,16-execution.md,specified,unassessed; no implementation certification,IBKR-DATA;IBKR-HISTORY;IBKR-ORDER;IBKR-WHATIF;IBKR-ERRORS;IBKR-FLEX,Complete exact model/data specification and independent acceptance evidence
QK-187,Interactive Brokers and execution engineering,Pacing sessions entitlements and permissions,16-execution.md,specified,unassessed; no implementation certification,IBKR-DATA;IBKR-HISTORY;IBKR-ORDER;IBKR-WHATIF;IBKR-ERRORS;IBKR-FLEX,Complete exact model/data specification and independent acceptance evidence
QK-188,Interactive Brokers and execution engineering,Manual trade coexistence,16-execution.md,specified,unassessed; no implementation certification,IBKR-DATA;IBKR-HISTORY;IBKR-ORDER;IBKR-WHATIF;IBKR-ERRORS;IBKR-FLEX,Complete exact model/data specification and independent acceptance evidence
QK-189,Interactive Brokers and execution engineering,Execution quality and implementation shortfall,16-execution.md,specified,unassessed; no implementation certification,IBKR-DATA;IBKR-HISTORY;IBKR-ORDER;IBKR-WHATIF;IBKR-ERRORS;IBKR-FLEX,Complete exact model/data specification and independent acceptance evidence
QK-190,Interactive Brokers and execution engineering,Read-only paper and capped live profiles,16-execution.md,specified,unassessed; no implementation certification,IBKR-DATA;IBKR-HISTORY;IBKR-ORDER;IBKR-WHATIF;IBKR-ERRORS;IBKR-FLEX,Complete exact model/data specification and independent acceptance evidence
QK-191,"Accounting, performance, taxes and reporting",Economic event ledger and currency cash books,17-accounting.md,specified,unassessed; no implementation certification,IBKR-FLEX;GIPS;CRA;CME-CASH,Complete exact model/data specification and independent acceptance evidence
QK-192,"Accounting, performance, taxes and reporting",Realized unrealized income and fee accounting,17-accounting.md,specified,unassessed; no implementation certification,IBKR-FLEX;GIPS;CRA;CME-CASH,Complete exact model/data specification and independent acceptance evidence
QK-193,"Accounting, performance, taxes and reporting",Futures variation margin and settlement,17-accounting.md,specified,unassessed; no implementation certification,IBKR-FLEX;GIPS;CRA;CME-CASH,Complete exact model/data specification and independent acceptance evidence
QK-194,"Accounting, performance, taxes and reporting",Corporate action and transaction corrections,17-accounting.md,specified,unassessed; no implementation certification,IBKR-FLEX;GIPS;CRA;CME-CASH,Complete exact model/data specification and independent acceptance evidence
QK-195,"Accounting, performance, taxes and reporting",Broker statement import and reconciliation,17-accounting.md,specified,unassessed; no implementation certification,IBKR-FLEX;GIPS;CRA;CME-CASH,Complete exact model/data specification and independent acceptance evidence
QK-196,"Accounting, performance, taxes and reporting",TWR MWR benchmark and attribution,17-accounting.md,specified,unassessed; no implementation certification,IBKR-FLEX;GIPS;CRA;CME-CASH,Complete exact model/data specification and independent acceptance evidence
QK-197,"Accounting, performance, taxes and reporting",Tax lots ACB and foreign FX basis,17-accounting.md,specified,unassessed; no implementation certification,IBKR-FLEX;GIPS;CRA;CME-CASH,Complete exact model/data specification and independent acceptance evidence
QK-198,"Accounting, performance, taxes and reporting",Superficial losses and cross-account review,17-accounting.md,specified,unassessed; no implementation certification,IBKR-FLEX;GIPS;CRA;CME-CASH,Complete exact model/data specification and independent acceptance evidence
QK-199,"Accounting, performance, taxes and reporting",Registered taxable and withholding treatment,17-accounting.md,specified,unassessed; no implementation certification,IBKR-FLEX;GIPS;CRA;CME-CASH,Complete exact model/data specification and independent acceptance evidence
QK-200,"Accounting, performance, taxes and reporting",Versioned jurisdiction and tax-year rules,17-accounting.md,specified,unassessed; no implementation certification,IBKR-FLEX;GIPS;CRA;CME-CASH,Complete exact model/data specification and independent acceptance evidence
QK-201,"Accounting, performance, taxes and reporting",Accountant exports and audit trail,17-accounting.md,specified,unassessed; no implementation certification,IBKR-FLEX;GIPS;CRA;CME-CASH,Complete exact model/data specification and independent acceptance evidence
QK-202,Household wealth and goals,Consolidated net worth and account aggregation,18-household.md,specified,unassessed; no implementation certification,PA;VANGUARD,Complete exact model/data specification and independent acceptance evidence
QK-203,Household wealth and goals,Budget income expenses and liquidity,18-household.md,specified,unassessed; no implementation certification,PA;VANGUARD,Complete exact model/data specification and independent acceptance evidence
QK-204,Household wealth and goals,Debt amortization and repayment comparisons,18-household.md,specified,unassessed; no implementation certification,PA;VANGUARD,Complete exact model/data specification and independent acceptance evidence
QK-205,Household wealth and goals,Savings contributions and recurring investing,18-household.md,specified,unassessed; no implementation certification,PA;VANGUARD,Complete exact model/data specification and independent acceptance evidence
QK-206,Household wealth and goals,Goal-based and retirement projections,18-household.md,specified,unassessed; no implementation certification,PA;VANGUARD,Complete exact model/data specification and independent acceptance evidence
QK-207,Household wealth and goals,Sequence inflation and longevity stress,18-household.md,specified,unassessed; no implementation certification,PA;VANGUARD,Complete exact model/data specification and independent acceptance evidence
QK-208,Household wealth and goals,Pension benefits and withdrawal scenarios,18-household.md,specified,unassessed; no implementation certification,PA;VANGUARD,Complete exact model/data specification and independent acceptance evidence
QK-209,Household wealth and goals,Asset location and household concentration,18-household.md,specified,unassessed; no implementation certification,PA;VANGUARD,Complete exact model/data specification and independent acceptance evidence
QK-210,Household wealth and goals,Insurance estate and beneficiary checklists,18-household.md,specified,unassessed; no implementation certification,PA;VANGUARD,Complete exact model/data specification and independent acceptance evidence
QK-211,Household wealth and goals,Fees opportunity costs and policy review,18-household.md,specified,unassessed; no implementation certification,PA;VANGUARD,Complete exact model/data specification and independent acceptance evidence
QK-212,"Funds, property, crypto and less standard assets",Fund fees methodology and tracking,19-alternatives.md,specified,unassessed; no implementation certification,ALTERNATIVES,Complete exact model/data specification and independent acceptance evidence
QK-213,"Funds, property, crypto and less standard assets",Fund holdings look-through,19-alternatives.md,specified,unassessed; no implementation certification,ALTERNATIVES,Complete exact model/data specification and independent acceptance evidence
QK-214,"Funds, property, crypto and less standard assets",Leveraged inverse daily-reset products,19-alternatives.md,specified,unassessed; no implementation certification,ALTERNATIVES,Complete exact model/data specification and independent acceptance evidence
QK-215,"Funds, property, crypto and less standard assets",Closed-end fund discounts and leverage,19-alternatives.md,specified,unassessed; no implementation certification,ALTERNATIVES,Complete exact model/data specification and independent acceptance evidence
QK-216,"Funds, property, crypto and less standard assets",Property operating and financing models,19-alternatives.md,specified,unassessed; no implementation certification,ALTERNATIVES,Complete exact model/data specification and independent acceptance evidence
QK-217,"Funds, property, crypto and less standard assets",Private capital calls fees and waterfalls,19-alternatives.md,specified,unassessed; no implementation certification,ALTERNATIVES,Complete exact model/data specification and independent acceptance evidence
QK-218,"Funds, property, crypto and less standard assets",Private credit and recovery analysis,19-alternatives.md,specified,unassessed; no implementation certification,ALTERNATIVES,Complete exact model/data specification and independent acceptance evidence
QK-219,"Funds, property, crypto and less standard assets",Structured note payoff and issuer risk,19-alternatives.md,specified,unassessed; no implementation certification,ALTERNATIVES,Complete exact model/data specification and independent acceptance evidence
QK-220,"Funds, property, crypto and less standard assets",Crypto custody supply and token economics,19-alternatives.md,specified,unassessed; no implementation certification,ALTERNATIVES,Complete exact model/data specification and independent acceptance evidence
QK-221,"Funds, property, crypto and less standard assets",Staking DeFi smart-contract and oracle risks,19-alternatives.md,specified,unassessed; no implementation certification,ALTERNATIVES,Complete exact model/data specification and independent acceptance evidence
QK-222,"Funds, property, crypto and less standard assets",Crypto funding liquidation and venue models,19-alternatives.md,specified,unassessed; no implementation certification,ALTERNATIVES,Complete exact model/data specification and independent acceptance evidence
QK-223,"Funds, property, crypto and less standard assets",Illiquid valuation and exit scenarios,19-alternatives.md,specified,unassessed; no implementation certification,ALTERNATIVES,Complete exact model/data specification and independent acceptance evidence
QK-224,"Operations, security and governance",Secrets permissions and account separation,20-operations.md,specified,unassessed; no implementation certification,OWASP;OWASP-DESKTOP;IBKR-ERRORS,Complete exact model/data specification and independent acceptance evidence
QK-225,"Operations, security and governance",Authentication encryption and redacted logs,20-operations.md,specified,unassessed; no implementation certification,OWASP;OWASP-DESKTOP;IBKR-ERRORS,Complete exact model/data specification and independent acceptance evidence
QK-226,"Operations, security and governance",Dependency security and license inventory,20-operations.md,specified,unassessed; no implementation certification,OWASP;OWASP-DESKTOP;IBKR-ERRORS,Complete exact model/data specification and independent acceptance evidence
QK-227,"Operations, security and governance",Monitoring alerts and heartbeat failure,20-operations.md,specified,unassessed; no implementation certification,OWASP;OWASP-DESKTOP;IBKR-ERRORS,Complete exact model/data specification and independent acceptance evidence
QK-228,"Operations, security and governance",Clock data and broker health checks,20-operations.md,specified,unassessed; no implementation certification,OWASP;OWASP-DESKTOP;IBKR-ERRORS,Complete exact model/data specification and independent acceptance evidence
QK-229,"Operations, security and governance",Backups restore and crash recovery,20-operations.md,specified,unassessed; no implementation certification,OWASP;OWASP-DESKTOP;IBKR-ERRORS,Complete exact model/data specification and independent acceptance evidence
QK-230,"Operations, security and governance",Dedicated-host and laptop resilience,20-operations.md,specified,unassessed; no implementation certification,OWASP;OWASP-DESKTOP;IBKR-ERRORS,Complete exact model/data specification and independent acceptance evidence
QK-231,"Operations, security and governance",Versioned deployments migrations rollback,20-operations.md,specified,unassessed; no implementation certification,OWASP;OWASP-DESKTOP;IBKR-ERRORS,Complete exact model/data specification and independent acceptance evidence
QK-232,"Operations, security and governance",Model promotion and change governance,20-operations.md,specified,unassessed; no implementation certification,OWASP;OWASP-DESKTOP;IBKR-ERRORS,Complete exact model/data specification and independent acceptance evidence
QK-233,"Operations, security and governance",Incident and emergency runbooks,20-operations.md,specified,unassessed; no implementation certification,OWASP;OWASP-DESKTOP;IBKR-ERRORS,Complete exact model/data specification and independent acceptance evidence
QK-234,"Operations, security and governance",Privacy retention and data obligations,20-operations.md,specified,unassessed; no implementation certification,OWASP;OWASP-DESKTOP;IBKR-ERRORS,Complete exact model/data specification and independent acceptance evidence
QK-235,Architecture and domain contracts,Modular monolith and bounded domains,21-architecture.md,specified,unassessed; no implementation certification,LEAN;QUANTLIB;OPENBB,Complete exact model/data specification and independent acceptance evidence
QK-236,Architecture and domain contracts,Typed observations units and availability,21-architecture.md,specified,unassessed; no implementation certification,LEAN;QUANTLIB;OPENBB,Complete exact model/data specification and independent acceptance evidence
QK-237,Architecture and domain contracts,Portfolio intent order execution contracts,21-architecture.md,specified,unassessed; no implementation certification,LEAN;QUANTLIB;OPENBB,Complete exact model/data specification and independent acceptance evidence
QK-238,Architecture and domain contracts,Pricing result assumptions and uncertainty,21-architecture.md,specified,unassessed; no implementation certification,LEAN;QUANTLIB;OPENBB,Complete exact model/data specification and independent acceptance evidence
QK-239,Architecture and domain contracts,Transactional order ledger registry storage,21-architecture.md,specified,unassessed; no implementation certification,LEAN;QUANTLIB;OPENBB,Complete exact model/data specification and independent acceptance evidence
QK-240,Architecture and domain contracts,Columnar research snapshots and query,21-architecture.md,specified,unassessed; no implementation certification,LEAN;QUANTLIB;OPENBB,Complete exact model/data specification and independent acceptance evidence
QK-241,Architecture and domain contracts,Shared decision interfaces across modes,21-architecture.md,specified,unassessed; no implementation certification,LEAN;QUANTLIB;OPENBB,Complete exact model/data specification and independent acceptance evidence
QK-242,Architecture and domain contracts,Broker and vendor adapter isolation,21-architecture.md,specified,unassessed; no implementation certification,LEAN;QUANTLIB;OPENBB,Complete exact model/data specification and independent acceptance evidence
QK-243,Architecture and domain contracts,Reproducible builds and dependency locking,21-architecture.md,specified,unassessed; no implementation certification,LEAN;QUANTLIB;OPENBB,Complete exact model/data specification and independent acceptance evidence
QK-244,Architecture and domain contracts,API UI notebook domain-service parity,21-architecture.md,specified,unassessed; no implementation certification,LEAN;QUANTLIB;OPENBB,Complete exact model/data specification and independent acceptance evidence
QK-245,"Build strategy, priorities and graduation gates",Foundation and ledger first,22-roadmap.md,specified,unassessed; no implementation certification,QUANTLIB;LEAN;OPENBB;IBKR-DATA,Complete exact model/data specification and independent acceptance evidence
QK-246,"Build strategy, priorities and graduation gates",Company analysis vertical slice,22-roadmap.md,specified,unassessed; no implementation certification,QUANTLIB;LEAN;OPENBB;IBKR-DATA,Complete exact model/data specification and independent acceptance evidence
QK-247,"Build strategy, priorities and graduation gates",Daily futures research vertical slice,22-roadmap.md,specified,unassessed; no implementation certification,QUANTLIB;LEAN;OPENBB;IBKR-DATA,Complete exact model/data specification and independent acceptance evidence
QK-248,"Build strategy, priorities and graduation gates",IBKR read-only to live graduation,22-roadmap.md,specified,unassessed; no implementation certification,QUANTLIB;LEAN;OPENBB;IBKR-DATA,Complete exact model/data specification and independent acceptance evidence
QK-249,"Build strategy, priorities and graduation gates",Options data pricing and lifecycle graduation,22-roadmap.md,specified,unassessed; no implementation certification,QUANTLIB;LEAN;OPENBB;IBKR-DATA,Complete exact model/data specification and independent acceptance evidence
QK-250,"Build strategy, priorities and graduation gates",Build buy integrate comparison,22-roadmap.md,specified,unassessed; no implementation certification,QUANTLIB;LEAN;OPENBB;IBKR-DATA,Complete exact model/data specification and independent acceptance evidence
QK-251,"Build strategy, priorities and graduation gates",Capability maturity and evidence gates,22-roadmap.md,specified,unassessed; no implementation certification,QUANTLIB;LEAN;OPENBB;IBKR-DATA,Complete exact model/data specification and independent acceptance evidence
QK-252,"Build strategy, priorities and graduation gates",Duplicate code retirement and migration,22-roadmap.md,specified,unassessed; no implementation certification,QUANTLIB;LEAN;OPENBB;IBKR-DATA,Complete exact model/data specification and independent acceptance evidence
QK-253,What “10/10” must mean in practice,Financial correctness evidence,23-quality.md,specified,unassessed; no implementation certification,LEAN-LIVE;OWASP;OVERFIT,Complete exact model/data specification and independent acceptance evidence
QK-254,What “10/10” must mean in practice,Research causality evidence,23-quality.md,specified,unassessed; no implementation certification,LEAN-LIVE;OWASP;OVERFIT,Complete exact model/data specification and independent acceptance evidence
QK-255,What “10/10” must mean in practice,Data coverage quality and rights,23-quality.md,specified,unassessed; no implementation certification,LEAN-LIVE;OWASP;OVERFIT,Complete exact model/data specification and independent acceptance evidence
QK-256,What “10/10” must mean in practice,Trading safety and recovery evidence,23-quality.md,specified,unassessed; no implementation certification,LEAN-LIVE;OWASP;OVERFIT,Complete exact model/data specification and independent acceptance evidence
QK-257,What “10/10” must mean in practice,Reliability and restore evidence,23-quality.md,specified,unassessed; no implementation certification,LEAN-LIVE;OWASP;OVERFIT,Complete exact model/data specification and independent acceptance evidence
QK-258,What “10/10” must mean in practice,Usability accessibility and explanations,23-quality.md,specified,unassessed; no implementation certification,LEAN-LIVE;OWASP;OVERFIT,Complete exact model/data specification and independent acceptance evidence
QK-259,What “10/10” must mean in practice,Workflow performance budgets,23-quality.md,specified,unassessed; no implementation certification,LEAN-LIVE;OWASP;OVERFIT,Complete exact model/data specification and independent acceptance evidence
QK-260,What “10/10” must mean in practice,Security and privacy verification,23-quality.md,specified,unassessed; no implementation certification,LEAN-LIVE;OWASP;OVERFIT,Complete exact model/data specification and independent acceptance evidence
QK-261,What “10/10” must mean in practice,Maintainability and reproducible releases,23-quality.md,specified,unassessed; no implementation certification,LEAN-LIVE;OWASP;OVERFIT,Complete exact model/data specification and independent acceptance evidence
QK-262,What “10/10” must mean in practice,Economic utility and baseline comparison,23-quality.md,specified,unassessed; no implementation certification,LEAN-LIVE;OWASP;OVERFIT,Complete exact model/data specification and independent acceptance evidence
QK-263,What “10/10” must mean in practice,Numerical tolerances and independent fixtures,23-quality.md,specified,unassessed; no implementation certification,LEAN-LIVE;OWASP;OVERFIT,Complete exact model/data specification and independent acceptance evidence
QK-264,Independent worked validation cases,Independent cash-equity fixture,24-validation-cases.md,specified,unassessed; no implementation certification,CME-CASH;GIPS;OIC-EXERCISE;LEAN-LIVE,Complete exact model/data specification and independent acceptance evidence
QK-265,Independent worked validation cases,Initial-equity drawdown fixture,24-validation-cases.md,specified,unassessed; no implementation certification,CME-CASH;GIPS;OIC-EXERCISE;LEAN-LIVE,Complete exact model/data specification and independent acceptance evidence
QK-266,Independent worked validation cases,External-flow TWR MWR fixture,24-validation-cases.md,specified,unassessed; no implementation certification,CME-CASH;GIPS;OIC-EXERCISE;LEAN-LIVE,Complete exact model/data specification and independent acceptance evidence
QK-267,Independent worked validation cases,Futures settlement and margin fixture,24-validation-cases.md,specified,unassessed; no implementation certification,CME-CASH;GIPS;OIC-EXERCISE;LEAN-LIVE,Complete exact model/data specification and independent acceptance evidence
QK-268,Independent worked validation cases,Split dividend and correction fixtures,24-validation-cases.md,specified,unassessed; no implementation certification,CME-CASH;GIPS;OIC-EXERCISE;LEAN-LIVE,Complete exact model/data specification and independent acceptance evidence
QK-269,Independent worked validation cases,Availability and prefix-causality fixture,24-validation-cases.md,specified,unassessed; no implementation certification,CME-CASH;GIPS;OIC-EXERCISE;LEAN-LIVE,Complete exact model/data specification and independent acceptance evidence
QK-270,Independent worked validation cases,Every-exit round-trip-cost fixture,24-validation-cases.md,specified,unassessed; no implementation certification,CME-CASH;GIPS;OIC-EXERCISE;LEAN-LIVE,Complete exact model/data specification and independent acceptance evidence
QK-271,Independent worked validation cases,Pricing parity bounds and Greek fixtures,24-validation-cases.md,specified,unassessed; no implementation certification,CME-CASH;GIPS;OIC-EXERCISE;LEAN-LIVE,Complete exact model/data specification and independent acceptance evidence
QK-272,Independent worked validation cases,Curve bootstrap repricing fixture,24-validation-cases.md,specified,unassessed; no implementation certification,CME-CASH;GIPS;OIC-EXERCISE;LEAN-LIVE,Complete exact model/data specification and independent acceptance evidence
QK-273,Independent worked validation cases,Uncertain-submit recovery fixture,24-validation-cases.md,specified,unassessed; no implementation certification,CME-CASH;GIPS;OIC-EXERCISE;LEAN-LIVE,Complete exact model/data specification and independent acceptance evidence
QK-274,Learning path and vocabulary,Foundations and compounding lessons,25-learning.md,specified,unassessed; no implementation certification,SEC-STATEMENTS;DAMODARAN;CME-EXPIRY;OIC-EXERCISE,Complete exact model/data specification and independent acceptance evidence
QK-275,Learning path and vocabulary,Statement and valuation lessons,25-learning.md,specified,unassessed; no implementation certification,SEC-STATEMENTS;DAMODARAN;CME-EXPIRY;OIC-EXERCISE,Complete exact model/data specification and independent acceptance evidence
QK-276,Learning path and vocabulary,Instrument payoff and settlement lessons,25-learning.md,specified,unassessed; no implementation certification,SEC-STATEMENTS;DAMODARAN;CME-EXPIRY;OIC-EXERCISE,Complete exact model/data specification and independent acceptance evidence
QK-277,Learning path and vocabulary,Portfolio accounting and risk lessons,25-learning.md,specified,unassessed; no implementation certification,SEC-STATEMENTS;DAMODARAN;CME-EXPIRY;OIC-EXERCISE,Complete exact model/data specification and independent acceptance evidence
QK-278,Learning path and vocabulary,Research inference and causality lessons,25-learning.md,specified,unassessed; no implementation certification,SEC-STATEMENTS;DAMODARAN;CME-EXPIRY;OIC-EXERCISE,Complete exact model/data specification and independent acceptance evidence
QK-279,Learning path and vocabulary,Advanced pricing and execution lessons,25-learning.md,specified,unassessed; no implementation certification,SEC-STATEMENTS;DAMODARAN;CME-EXPIRY;OIC-EXERCISE,Complete exact model/data specification and independent acceptance evidence
QK-280,Learning path and vocabulary,Plain-language glossary and worked exercises,25-learning.md,specified,unassessed; no implementation certification,SEC-STATEMENTS;DAMODARAN;CME-EXPIRY;OIC-EXERCISE,Complete exact model/data specification and independent acceptance evidence
QK-281,"Open research, decisions and explicit gaps",Owner constraints and priority decisions,26-open-questions.md,specified,unassessed; no implementation certification,ALTMAN;BENEISH;SVI;IBKR-HISTORY;CRA,Complete exact model/data specification and independent acceptance evidence
QK-282,"Open research, decisions and explicit gaps",Historical data procurement sample tests,26-open-questions.md,specified,unassessed; no implementation certification,ALTMAN;BENEISH;SVI;IBKR-HISTORY;CRA,Complete exact model/data specification and independent acceptance evidence
QK-283,"Open research, decisions and explicit gaps",Advanced model full-text specification review,26-open-questions.md,specified,unassessed; no implementation certification,ALTMAN;BENEISH;SVI;IBKR-HISTORY;CRA,Complete exact model/data specification and independent acceptance evidence
QK-284,"Open research, decisions and explicit gaps",Jurisdiction and account rules verification,26-open-questions.md,specified,unassessed; no implementation certification,ALTMAN;BENEISH;SVI;IBKR-HISTORY;CRA,Complete exact model/data specification and independent acceptance evidence
QK-285,"Open research, decisions and explicit gaps",IBKR API permission and recovery proof,26-open-questions.md,specified,unassessed; no implementation certification,ALTMAN;BENEISH;SVI;IBKR-HISTORY;CRA,Complete exact model/data specification and independent acceptance evidence
QK-286,"Open research, decisions and explicit gaps",Full repository-by-repository code audit,26-open-questions.md,specified,unassessed; no implementation certification,ALTMAN;BENEISH;SVI;IBKR-HISTORY;CRA,Complete exact model/data specification and independent acceptance evidence
QK-287,"Open research, decisions and explicit gaps",Unresolved gap ownership and readiness impact,26-open-questions.md,specified,unassessed; no implementation certification,ALTMAN;BENEISH;SVI;IBKR-HISTORY;CRA,Complete exact model/data specification and independent acceptance evidence
QK-288,"Economics, macro scenarios and market structure",Business unit economics and competition,27-economics.md,specified,unassessed; no implementation certification,CFA-I;CFA-II;FRED;BOC,Complete exact model/data specification and independent acceptance evidence
QK-289,"Economics, macro scenarios and market structure",Demand price volume and cost scenarios,27-economics.md,specified,unassessed; no implementation certification,CFA-I;CFA-II;FRED;BOC,Complete exact model/data specification and independent acceptance evidence
QK-290,"Economics, macro scenarios and market structure",Growth inflation and policy dashboards,27-economics.md,specified,unassessed; no implementation certification,CFA-I;CFA-II;FRED;BOC,Complete exact model/data specification and independent acceptance evidence
QK-291,"Economics, macro scenarios and market structure",Release-vintage macro forecasting,27-economics.md,specified,unassessed; no implementation certification,CFA-I;CFA-II;FRED;BOC,Complete exact model/data specification and independent acceptance evidence
QK-292,"Economics, macro scenarios and market structure",FX parity cross-rates and forward valuation,27-economics.md,specified,unassessed; no implementation certification,CFA-I;CFA-II;FRED;BOC,Complete exact model/data specification and independent acceptance evidence
QK-293,"Economics, macro scenarios and market structure",Trade external balance and country risk,27-economics.md,specified,unassessed; no implementation certification,CFA-I;CFA-II;FRED;BOC,Complete exact model/data specification and independent acceptance evidence
QK-294,"Economics, macro scenarios and market structure",Geopolitical supply and transition scenarios,27-economics.md,specified,unassessed; no implementation certification,CFA-I;CFA-II;FRED;BOC,Complete exact model/data specification and independent acceptance evidence
QK-295,"Economics, macro scenarios and market structure",Market structure auctions dealers and fragmentation,27-economics.md,specified,unassessed; no implementation certification,CFA-I;CFA-II;FRED;BOC,Complete exact model/data specification and independent acceptance evidence
QK-296,"Economics, macro scenarios and market structure",Qualitative causal maps and uncertainty,27-economics.md,specified,unassessed; no implementation certification,CFA-I;CFA-II;FRED;BOC,Complete exact model/data specification and independent acceptance evidence
QK-297,"Corporate finance, governance and qualitative research",Incremental project cash flows NPV IRR,28-corporate-finance.md,specified,unassessed; no implementation certification,CFA-I;CFA-II;DAMODARAN;BERKSHIRE;SEC-MDA,Complete exact model/data specification and independent acceptance evidence
QK-298,"Corporate finance, governance and qualitative research",Capital budgeting and real-option scenarios,28-corporate-finance.md,specified,unassessed; no implementation certification,CFA-I;CFA-II;DAMODARAN;BERKSHIRE;SEC-MDA,Complete exact model/data specification and independent acceptance evidence
QK-299,"Corporate finance, governance and qualitative research",Capital structure refinancing and covenants,28-corporate-finance.md,specified,unassessed; no implementation certification,CFA-I;CFA-II;DAMODARAN;BERKSHIRE;SEC-MDA,Complete exact model/data specification and independent acceptance evidence
QK-300,"Corporate finance, governance and qualitative research",Cost of capital and implied expectations,28-corporate-finance.md,specified,unassessed; no implementation certification,CFA-I;CFA-II;DAMODARAN;BERKSHIRE;SEC-MDA,Complete exact model/data specification and independent acceptance evidence
QK-301,"Corporate finance, governance and qualitative research",Dividends buybacks and value creation,28-corporate-finance.md,specified,unassessed; no implementation certification,CFA-I;CFA-II;DAMODARAN;BERKSHIRE;SEC-MDA,Complete exact model/data specification and independent acceptance evidence
QK-302,"Corporate finance, governance and qualitative research",M&A restructuring spinoff bridges,28-corporate-finance.md,specified,unassessed; no implementation certification,CFA-I;CFA-II;DAMODARAN;BERKSHIRE;SEC-MDA,Complete exact model/data specification and independent acceptance evidence
QK-303,"Corporate finance, governance and qualitative research",Governance ownership and incentives,28-corporate-finance.md,specified,unassessed; no implementation certification,CFA-I;CFA-II;DAMODARAN;BERKSHIRE;SEC-MDA,Complete exact model/data specification and independent acceptance evidence
QK-304,"Corporate finance, governance and qualitative research",Competitive position and business thesis,28-corporate-finance.md,specified,unassessed; no implementation certification,CFA-I;CFA-II;DAMODARAN;BERKSHIRE;SEC-MDA,Complete exact model/data specification and independent acceptance evidence
QK-305,"Corporate finance, governance and qualitative research",Financially material environmental social risk,28-corporate-finance.md,specified,unassessed; no implementation certification,CFA-I;CFA-II;DAMODARAN;BERKSHIRE;SEC-MDA,Complete exact model/data specification and independent acceptance evidence
QK-306,"Corporate finance, governance and qualitative research",Evidence-backed qualitative research cards,28-corporate-finance.md,specified,unassessed; no implementation certification,CFA-I;CFA-II;DAMODARAN;BERKSHIRE;SEC-MDA,Complete exact model/data specification and independent acceptance evidence
QK-307,"Ethics, behavior and decision discipline",Source attribution and reasonable-basis evidence,29-ethics-behavior.md,specified,unassessed; no implementation certification,CFA-ETHICS;CFA-III-WEALTH;GIPS;OVERFIT,Complete exact model/data specification and independent acceptance evidence
QK-308,"Ethics, behavior and decision discipline",Restricted instruments and employment policy,29-ethics-behavior.md,specified,unassessed; no implementation certification,CFA-ETHICS;CFA-III-WEALTH;GIPS;OVERFIT,Complete exact model/data specification and independent acceptance evidence
QK-309,"Ethics, behavior and decision discipline",Confidential material and conflict controls,29-ethics-behavior.md,specified,unassessed; no implementation certification,CFA-ETHICS;CFA-III-WEALTH;GIPS;OVERFIT,Complete exact model/data specification and independent acceptance evidence
QK-310,"Ethics, behavior and decision discipline",Fair hypothetical live performance presentation,29-ethics-behavior.md,specified,unassessed; no implementation certification,CFA-ETHICS;CFA-III-WEALTH;GIPS;OVERFIT,Complete exact model/data specification and independent acceptance evidence
QK-311,"Ethics, behavior and decision discipline",Investment policy and precommitment workflow,29-ethics-behavior.md,specified,unassessed; no implementation certification,CFA-ETHICS;CFA-III-WEALTH;GIPS;OVERFIT,Complete exact model/data specification and independent acceptance evidence
QK-312,"Ethics, behavior and decision discipline",Behavioral checklists and counterevidence,29-ethics-behavior.md,specified,unassessed; no implementation certification,CFA-ETHICS;CFA-III-WEALTH;GIPS;OVERFIT,Complete exact model/data specification and independent acceptance evidence
QK-313,"Ethics, behavior and decision discipline",Decision journal and postmortems,29-ethics-behavior.md,specified,unassessed; no implementation certification,CFA-ETHICS;CFA-III-WEALTH;GIPS;OVERFIT,Complete exact model/data specification and independent acceptance evidence
QK-314,"Ethics, behavior and decision discipline",Failed-research retention and honest uncertainty,29-ethics-behavior.md,specified,unassessed; no implementation certification,CFA-ETHICS;CFA-III-WEALTH;GIPS;OVERFIT,Complete exact model/data specification and independent acceptance evidence
QK-315,"Ethics, behavior and decision discipline",Qualitative judgment review and ownership,29-ethics-behavior.md,specified,unassessed; no implementation certification,CFA-ETHICS;CFA-III-WEALTH;GIPS;OVERFIT,Complete exact model/data specification and independent acceptance evidence
QK-316,"Risk premia, anomalies, alpha and retail feasibility",Risk-premium anomaly alpha classification,30-premia-alpha.md,specified,unassessed; no implementation certification,ARP;BAB;VRP;FF5;TREND;CARRY;OVERFIT,Complete exact model/data specification and independent acceptance evidence
QK-317,"Risk premia, anomalies, alpha and retail feasibility",Market duration credit and liquidity exposures,30-premia-alpha.md,specified,unassessed; no implementation certification,ARP;BAB;VRP;FF5;TREND;CARRY;OVERFIT,Complete exact model/data specification and independent acceptance evidence
QK-318,"Risk premia, anomalies, alpha and retail feasibility",Value momentum carry defensive trend families,30-premia-alpha.md,specified,unassessed; no implementation certification,ARP;BAB;VRP;FF5;TREND;CARRY;OVERFIT,Complete exact model/data specification and independent acceptance evidence
QK-319,"Risk premia, anomalies, alpha and retail feasibility",Variance skew correlation and tail exposures,30-premia-alpha.md,specified,unassessed; no implementation certification,ARP;BAB;VRP;FF5;TREND;CARRY;OVERFIT,Complete exact model/data specification and independent acceptance evidence
QK-320,"Risk premia, anomalies, alpha and retail feasibility",Accounting earnings and event hypotheses,30-premia-alpha.md,specified,unassessed; no implementation certification,ARP;BAB;VRP;FF5;TREND;CARRY;OVERFIT,Complete exact model/data specification and independent acceptance evidence
QK-321,"Risk premia, anomalies, alpha and retail feasibility",Relative value and statistical arbitrage hypotheses,30-premia-alpha.md,specified,unassessed; no implementation certification,ARP;BAB;VRP;FF5;TREND;CARRY;OVERFIT,Complete exact model/data specification and independent acceptance evidence
QK-322,"Risk premia, anomalies, alpha and retail feasibility",Macro alternative-data and liquidity hypotheses,30-premia-alpha.md,specified,unassessed; no implementation certification,ARP;BAB;VRP;FF5;TREND;CARRY;OVERFIT,Complete exact model/data specification and independent acceptance evidence
QK-323,"Risk premia, anomalies, alpha and retail feasibility",Access turnover costs and capacity screening,30-premia-alpha.md,specified,unassessed; no implementation certification,ARP;BAB;VRP;FF5;TREND;CARRY;OVERFIT,Complete exact model/data specification and independent acceptance evidence
QK-324,"Risk premia, anomalies, alpha and retail feasibility",Crowding adverse states and diversification,30-premia-alpha.md,specified,unassessed; no implementation certification,ARP;BAB;VRP;FF5;TREND;CARRY;OVERFIT,Complete exact model/data specification and independent acceptance evidence
QK-325,"Risk premia, anomalies, alpha and retail feasibility",Replication and net retail feasibility evidence,30-premia-alpha.md,specified,unassessed; no implementation certification,ARP;BAB;VRP;FF5;TREND;CARRY;OVERFIT,Complete exact model/data specification and independent acceptance evidence
QK-326,"Risk premia, anomalies, alpha and retail feasibility",Hedges insurance and passive implementation alternatives,30-premia-alpha.md,specified,unassessed; no implementation certification,ARP;BAB;VRP;FF5;TREND;CARRY;OVERFIT,Complete exact model/data specification and independent acceptance evidence
QK-327,Product specification: from knowledge to an app,Knowledge concept and source graph,31-product-spec.md,specified,unassessed; no implementation certification,CFA-PSM;OPENBB;LEAN;QUANTLIB,Complete exact model/data specification and independent acceptance evidence
QK-328,Product specification: from knowledge to an app,Validated quantitative library,31-product-spec.md,specified,unassessed; no implementation certification,CFA-PSM;OPENBB;LEAN;QUANTLIB,Complete exact model/data specification and independent acceptance evidence
QK-329,Product specification: from knowledge to an app,Analysis scenario and qualitative workflows,31-product-spec.md,specified,unassessed; no implementation certification,CFA-PSM;OPENBB;LEAN;QUANTLIB,Complete exact model/data specification and independent acceptance evidence
QK-330,Product specification: from knowledge to an app,Research strategy and trial workflows,31-product-spec.md,specified,unassessed; no implementation certification,CFA-PSM;OPENBB;LEAN;QUANTLIB,Complete exact model/data specification and independent acceptance evidence
QK-331,Product specification: from knowledge to an app,Portfolio proposal and approval workflows,31-product-spec.md,specified,unassessed; no implementation certification,CFA-PSM;OPENBB;LEAN;QUANTLIB,Complete exact model/data specification and independent acceptance evidence
QK-332,Product specification: from knowledge to an app,Account ledger broker and incident workflows,31-product-spec.md,specified,unassessed; no implementation certification,CFA-PSM;OPENBB;LEAN;QUANTLIB,Complete exact model/data specification and independent acceptance evidence
QK-333,Product specification: from knowledge to an app,Versioned entities and lineage relations,31-product-spec.md,specified,unassessed; no implementation certification,CFA-PSM;OPENBB;LEAN;QUANTLIB,Complete exact model/data specification and independent acceptance evidence
QK-334,Product specification: from knowledge to an app,UI API calculation consistency,31-product-spec.md,specified,unassessed; no implementation certification,CFA-PSM;OPENBB;LEAN;QUANTLIB,Complete exact model/data specification and independent acceptance evidence
QK-335,Product specification: from knowledge to an app,Asynchronous jobs and failure visibility,31-product-spec.md,specified,unassessed; no implementation certification,CFA-PSM;OPENBB;LEAN;QUANTLIB,Complete exact model/data specification and independent acceptance evidence
QK-336,Product specification: from knowledge to an app,Persistent results assumptions and exports,31-product-spec.md,specified,unassessed; no implementation certification,CFA-PSM;OPENBB;LEAN;QUANTLIB,Complete exact model/data specification and independent acceptance evidence
QK-337,Proposed full-stack architecture and engineering sequence,Python domain library and shared financial math,32-full-stack-design.md,specified,unassessed; no implementation certification,QUANTLIB;LEAN;OPENBB;OWASP,Complete exact model/data specification and independent acceptance evidence
QK-338,Proposed full-stack architecture and engineering sequence,Typed HTTP API and browser UI,32-full-stack-design.md,specified,unassessed; no implementation certification,QUANTLIB;LEAN;OPENBB;OWASP,Complete exact model/data specification and independent acceptance evidence
QK-339,Proposed full-stack architecture and engineering sequence,Transactional state and analytical storage,32-full-stack-design.md,specified,unassessed; no implementation certification,QUANTLIB;LEAN;OPENBB;OWASP,Complete exact model/data specification and independent acceptance evidence
QK-340,Proposed full-stack architecture and engineering sequence,Durable jobs workers and artifact lineage,32-full-stack-design.md,specified,unassessed; no implementation certification,QUANTLIB;LEAN;OPENBB;OWASP,Complete exact model/data specification and independent acceptance evidence
QK-341,Proposed full-stack architecture and engineering sequence,Execution credential trust boundary,32-full-stack-design.md,specified,unassessed; no implementation certification,QUANTLIB;LEAN;OPENBB;OWASP,Complete exact model/data specification and independent acceptance evidence
QK-342,Proposed full-stack architecture and engineering sequence,Local development and production migrations,32-full-stack-design.md,specified,unassessed; no implementation certification,QUANTLIB;LEAN;OPENBB;OWASP,Complete exact model/data specification and independent acceptance evidence
QK-343,Proposed full-stack architecture and engineering sequence,Independent integration prototypes,32-full-stack-design.md,specified,unassessed; no implementation certification,QUANTLIB;LEAN;OPENBB;OWASP,Complete exact model/data specification and independent acceptance evidence
QK-344,Proposed full-stack architecture and engineering sequence,Dependency direction and stable contracts,32-full-stack-design.md,specified,unassessed; no implementation certification,QUANTLIB;LEAN;OPENBB;OWASP,Complete exact model/data specification and independent acceptance evidence
QK-345,Proposed full-stack architecture and engineering sequence,Measured workload performance objectives,32-full-stack-design.md,specified,unassessed; no implementation certification,QUANTLIB;LEAN;OPENBB;OWASP,Complete exact model/data specification and independent acceptance evidence
QK-346,Proposed full-stack architecture and engineering sequence,End-to-end replay and recovery evidence,32-full-stack-design.md,specified,unassessed; no implementation certification,QUANTLIB;LEAN;OPENBB;OWASP,Complete exact model/data specification and independent acceptance evidence
QK-347,CFA coverage map and how to achieve completeness,CFA edition and source pinning,33-cfa-coverage.md,specified,unassessed; no implementation certification,CFA-MAP;CFA-I;CFA-II;CFA-III-PM;CFA-III-PRIVATE;CFA-III-WEALTH;CFA-PSM,Complete exact model/data specification and independent acceptance evidence
QK-348,CFA coverage map and how to achieve completeness,Level I foundation concept coverage,33-cfa-coverage.md,specified,unassessed; no implementation certification,CFA-MAP;CFA-I;CFA-II;CFA-III-PM;CFA-III-PRIVATE;CFA-III-WEALTH;CFA-PSM,Complete exact model/data specification and independent acceptance evidence
QK-349,CFA coverage map and how to achieve completeness,Level II analytical method coverage,33-cfa-coverage.md,specified,unassessed; no implementation certification,CFA-MAP;CFA-I;CFA-II;CFA-III-PM;CFA-III-PRIVATE;CFA-III-WEALTH;CFA-PSM,Complete exact model/data specification and independent acceptance evidence
QK-350,CFA coverage map and how to achieve completeness,Level III common-core coverage,33-cfa-coverage.md,specified,unassessed; no implementation certification,CFA-MAP;CFA-I;CFA-II;CFA-III-PM;CFA-III-PRIVATE;CFA-III-WEALTH;CFA-PSM,Complete exact model/data specification and independent acceptance evidence
QK-351,CFA coverage map and how to achieve completeness,Portfolio management pathway coverage,33-cfa-coverage.md,specified,unassessed; no implementation certification,CFA-MAP;CFA-I;CFA-II;CFA-III-PM;CFA-III-PRIVATE;CFA-III-WEALTH;CFA-PSM,Complete exact model/data specification and independent acceptance evidence
QK-352,CFA coverage map and how to achieve completeness,Private wealth pathway coverage,33-cfa-coverage.md,specified,unassessed; no implementation certification,CFA-MAP;CFA-I;CFA-II;CFA-III-PM;CFA-III-PRIVATE;CFA-III-WEALTH;CFA-PSM,Complete exact model/data specification and independent acceptance evidence
QK-353,CFA coverage map and how to achieve completeness,Private markets pathway coverage,33-cfa-coverage.md,specified,unassessed; no implementation certification,CFA-MAP;CFA-I;CFA-II;CFA-III-PM;CFA-III-PRIVATE;CFA-III-WEALTH;CFA-PSM,Complete exact model/data specification and independent acceptance evidence
QK-354,CFA coverage map and how to achieve completeness,Practical-skills workflow coverage,33-cfa-coverage.md,specified,unassessed; no implementation certification,CFA-MAP;CFA-I;CFA-II;CFA-III-PM;CFA-III-PRIVATE;CFA-III-WEALTH;CFA-PSM,Complete exact model/data specification and independent acceptance evidence
QK-355,CFA coverage map and how to achieve completeness,Learning-outcome to feature traceability,33-cfa-coverage.md,specified,unassessed; no implementation certification,CFA-MAP;CFA-I;CFA-II;CFA-III-PM;CFA-III-PRIVATE;CFA-III-WEALTH;CFA-PSM,Complete exact model/data specification and independent acceptance evidence
QK-356,CFA coverage map and how to achieve completeness,Original examples and completion evidence,33-cfa-coverage.md,specified,unassessed; no implementation certification,CFA-MAP;CFA-I;CFA-II;CFA-III-PM;CFA-III-PRIVATE;CFA-III-WEALTH;CFA-PSM,Complete exact model/data specification and independent acceptance evidence
QK-357,CFA coverage map and how to achieve completeness,2027 curriculum delta review,33-cfa-coverage.md,specified,unassessed; no implementation certification,CFA-MAP;CFA-I;CFA-II;CFA-III-PM;CFA-III-PRIVATE;CFA-III-WEALTH;CFA-PSM,Complete exact model/data specification and independent acceptance evidence
QK-358,CFA coverage map and how to achieve completeness,Beyond-curriculum research and operational coverage,33-cfa-coverage.md,specified,unassessed; no implementation certification,CFA-MAP;CFA-I;CFA-II;CFA-III-PM;CFA-III-PRIVATE;CFA-III-WEALTH;CFA-PSM,Complete exact model/data specification and independent acceptance evidence
QK-359,What the owner is trying to build,Personal investment research and decision platform,34-product-reassessment.md,specified,unassessed; no implementation certification,CFA-CBOK;CFP;LEAN-LIVE,Complete exact model/data specification and independent acceptance evidence
QK-360,What the owner is trying to build,Reusable library API and notebook access,34-product-reassessment.md,specified,unassessed; no implementation certification,CFA-CBOK;CFP;LEAN-LIVE,Complete exact model/data specification and independent acceptance evidence
QK-361,What the owner is trying to build,Connected company instrument strategy portfolio records,34-product-reassessment.md,specified,unassessed; no implementation certification,CFA-CBOK;CFP;LEAN-LIVE,Complete exact model/data specification and independent acceptance evidence
QK-362,What the owner is trying to build,Question evidence decision outcome workflow,34-product-reassessment.md,specified,unassessed; no implementation certification,CFA-CBOK;CFP;LEAN-LIVE,Complete exact model/data specification and independent acceptance evidence
QK-363,What the owner is trying to build,Knowledge breadth versus personal execution access,34-product-reassessment.md,specified,unassessed; no implementation certification,CFA-CBOK;CFP;LEAN-LIVE,Complete exact model/data specification and independent acceptance evidence
QK-364,What the owner is trying to build,Personal-use versus commercial-product boundaries,34-product-reassessment.md,specified,unassessed; no implementation certification,CFA-CBOK;CFP;LEAN-LIVE,Complete exact model/data specification and independent acceptance evidence
QK-365,What the owner is trying to build,Explicit product assumptions and unresolved constraints,34-product-reassessment.md,specified,unassessed; no implementation certification,CFA-CBOK;CFP;LEAN-LIVE,Complete exact model/data specification and independent acceptance evidence
QK-366,Independent coverage audit and research boundaries,Multi-framework independent coverage audit,35-independent-coverage.md,specified,unassessed; no implementation certification,CFA-CBOK;FRM;CAIA;CFP;CMT;PFMI,Complete exact model/data specification and independent acceptance evidence
QK-367,Independent coverage audit and research boundaries,Economic product lifecycle and workflow dimensions,35-independent-coverage.md,specified,unassessed; no implementation certification,CFA-CBOK;FRM;CAIA;CFP;CMT;PFMI,Complete exact model/data specification and independent acceptance evidence
QK-368,Independent coverage audit and research boundaries,Knowledge model simulation live depth separation,35-independent-coverage.md,specified,unassessed; no implementation certification,CFA-CBOK;FRM;CAIA;CFP;CMT;PFMI,Complete exact model/data specification and independent acceptance evidence
QK-369,Independent coverage audit and research boundaries,Domain owner and evidence-gap register,35-independent-coverage.md,specified,unassessed; no implementation certification,CFA-CBOK;FRM;CAIA;CFP;CMT;PFMI,Complete exact model/data specification and independent acceptance evidence
QK-370,Independent coverage audit and research boundaries,Detailed method variant and source review,35-independent-coverage.md,specified,unassessed; no implementation certification,CFA-CBOK;FRM;CAIA;CFP;CMT;PFMI,Complete exact model/data specification and independent acceptance evidence
QK-371,Independent coverage audit and research boundaries,Global jurisdiction and access boundaries,35-independent-coverage.md,specified,unassessed; no implementation certification,CFA-CBOK;FRM;CAIA;CFP;CMT;PFMI,Complete exact model/data specification and independent acceptance evidence
QK-372,Independent coverage audit and research boundaries,Negative evidence and unsupported claims,35-independent-coverage.md,specified,unassessed; no implementation certification,CFA-CBOK;FRM;CAIA;CFP;CMT;PFMI,Complete exact model/data specification and independent acceptance evidence
QK-373,Independent coverage audit and research boundaries,Explicit completeness denominator and review protocol,35-independent-coverage.md,specified,unassessed; no implementation certification,CFA-CBOK;FRM;CAIA;CFP;CMT;PFMI,Complete exact model/data specification and independent acceptance evidence
QK-374,"Market plumbing, financing and investor dependencies",Trade clearing settlement custody distinctions,36-market-plumbing.md,specified,unassessed; no implementation certification,PFMI;CME-LIQUIDITY;IBKR-ORDER;IBKR-FLEX,Complete exact model/data specification and independent acceptance evidence
QK-375,"Market plumbing, financing and investor dependencies",Unsettled cash receivables and value dates,36-market-plumbing.md,specified,unassessed; no implementation certification,PFMI;CME-LIQUIDITY;IBKR-ORDER;IBKR-FLEX,Complete exact model/data specification and independent acceptance evidence
QK-376,"Market plumbing, financing and investor dependencies",Collateral financing interest and margin transitions,36-market-plumbing.md,specified,unassessed; no implementation certification,PFMI;CME-LIQUIDITY;IBKR-ORDER;IBKR-FLEX,Complete exact model/data specification and independent acceptance evidence
QK-377,"Market plumbing, financing and investor dependencies",Securities lending borrow recalls and buy-ins,36-market-plumbing.md,specified,unassessed; no implementation certification,PFMI;CME-LIQUIDITY;IBKR-ORDER;IBKR-FLEX,Complete exact model/data specification and independent acceptance evidence
QK-378,"Market plumbing, financing and investor dependencies",Repo and financing analysis,36-market-plumbing.md,specified,unassessed; no implementation certification,PFMI;CME-LIQUIDITY;IBKR-ORDER;IBKR-FLEX,Complete exact model/data specification and independent acceptance evidence
QK-379,"Market plumbing, financing and investor dependencies",Order book auctions halts and limit moves,36-market-plumbing.md,specified,unassessed; no implementation certification,PFMI;CME-LIQUIDITY;IBKR-ORDER;IBKR-FLEX,Complete exact model/data specification and independent acceptance evidence
QK-380,"Market plumbing, financing and investor dependencies",Arrival VWAP and opportunity-cost benchmarks,36-market-plumbing.md,specified,unassessed; no implementation certification,PFMI;CME-LIQUIDITY;IBKR-ORDER;IBKR-FLEX,Complete exact model/data specification and independent acceptance evidence
QK-381,"Market plumbing, financing and investor dependencies",Broker custody failure and protection research,36-market-plumbing.md,specified,unassessed; no implementation certification,PFMI;CME-LIQUIDITY;IBKR-ORDER;IBKR-FLEX,Complete exact model/data specification and independent acceptance evidence
QK-382,"Market plumbing, financing and investor dependencies",Corporate action elections rights and proxy workflows,36-market-plumbing.md,specified,unassessed; no implementation certification,PFMI;CME-LIQUIDITY;IBKR-ORDER;IBKR-FLEX,Complete exact model/data specification and independent acceptance evidence
QK-383,"Fund, manager and product due diligence",Manager investment-process diligence,37-manager-diligence.md,specified,unassessed; no implementation certification,CAIA;GIPS;FRENCH;ALTERNATIVES,Complete exact model/data specification and independent acceptance evidence
QK-384,"Fund, manager and product due diligence",Operational custody and valuation diligence,37-manager-diligence.md,specified,unassessed; no implementation certification,CAIA;GIPS;FRENCH;ALTERNATIVES,Complete exact model/data specification and independent acceptance evidence
QK-385,"Fund, manager and product due diligence",Product fees terms and conflicts,37-manager-diligence.md,specified,unassessed; no implementation certification,CAIA;GIPS;FRENCH;ALTERNATIVES,Complete exact model/data specification and independent acceptance evidence
QK-386,"Fund, manager and product due diligence",Live hypothetical backfill and survivorship review,37-manager-diligence.md,specified,unassessed; no implementation certification,CAIA;GIPS;FRENCH;ALTERNATIVES,Complete exact model/data specification and independent acceptance evidence
QK-387,"Fund, manager and product due diligence",Benchmark mandate and factor attribution,37-manager-diligence.md,specified,unassessed; no implementation certification,CAIA;GIPS;FRENCH;ALTERNATIVES,Complete exact model/data specification and independent acceptance evidence
QK-388,"Fund, manager and product due diligence",Private fund cash calls distributions waterfalls,37-manager-diligence.md,specified,unassessed; no implementation certification,CAIA;GIPS;FRENCH;ALTERNATIVES,Complete exact model/data specification and independent acceptance evidence
QK-389,"Fund, manager and product due diligence",Redemption restrictions and stress liquidity,37-manager-diligence.md,specified,unassessed; no implementation certification,CAIA;GIPS;FRENCH;ALTERNATIVES,Complete exact model/data specification and independent acceptance evidence
QK-390,"Fund, manager and product due diligence",Index construction and methodology history,37-manager-diligence.md,specified,unassessed; no implementation certification,CAIA;GIPS;FRENCH;ALTERNATIVES,Complete exact model/data specification and independent acceptance evidence
QK-391,"Fund, manager and product due diligence",Buy a vehicle versus implement comparison,37-manager-diligence.md,specified,unassessed; no implementation certification,CAIA;GIPS;FRENCH;ALTERNATIVES,Complete exact model/data specification and independent acceptance evidence
QK-392,Mathematical foundations and numerical model risk,Time value compounding and dated cash-flow primitives,38-numerical-model-risk.md,specified,unassessed; no implementation certification,QUANTLIB;SVI;SKLEARN;FRM,Complete exact model/data specification and independent acceptance evidence
QK-393,Mathematical foundations and numerical model risk,Probability estimation and conditional expectation,38-numerical-model-risk.md,specified,unassessed; no implementation certification,QUANTLIB;SVI;SKLEARN;FRM,Complete exact model/data specification and independent acceptance evidence
QK-394,Mathematical foundations and numerical model risk,Physical versus risk-neutral purpose,38-numerical-model-risk.md,specified,unassessed; no implementation certification,QUANTLIB;SVI;SKLEARN;FRM,Complete exact model/data specification and independent acceptance evidence
QK-395,Mathematical foundations and numerical model risk,Stochastic diffusion jump and scenario specifications,38-numerical-model-risk.md,specified,unassessed; no implementation certification,QUANTLIB;SVI;SKLEARN;FRM,Complete exact model/data specification and independent acceptance evidence
QK-396,Mathematical foundations and numerical model risk,Numerical trees PDE integration simulation,38-numerical-model-risk.md,specified,unassessed; no implementation certification,QUANTLIB;SVI;SKLEARN;FRM,Complete exact model/data specification and independent acceptance evidence
QK-397,Mathematical foundations and numerical model risk,Calibration objectives identifiability and constraints,38-numerical-model-risk.md,specified,unassessed; no implementation certification,QUANTLIB;SVI;SKLEARN;FRM,Complete exact model/data specification and independent acceptance evidence
QK-398,Mathematical foundations and numerical model risk,Solver convergence tolerance and explicit failures,38-numerical-model-risk.md,specified,unassessed; no implementation certification,QUANTLIB;SVI;SKLEARN;FRM,Complete exact model/data specification and independent acceptance evidence
QK-399,Mathematical foundations and numerical model risk,Independent limiting-case and sensitivity checks,38-numerical-model-risk.md,specified,unassessed; no implementation certification,QUANTLIB;SVI;SKLEARN;FRM,Complete exact model/data specification and independent acceptance evidence
QK-400,Mathematical foundations and numerical model risk,Model uncertainty governance and revalidation,38-numerical-model-risk.md,specified,unassessed; no implementation certification,QUANTLIB;SVI;SKLEARN;FRM,Complete exact model/data specification and independent acceptance evidence
QK-401,How research becomes a complete usable library,Concept method hypothesis workflow inventories,39-research-completion.md,specified,unassessed; no implementation certification,OPEN-AP;OPEN-AP-UNIVERSITY;CMT;OVERFIT;CFA-CBOK,Complete exact model/data specification and independent acceptance evidence
QK-402,How research becomes a complete usable library,Seminal papers replications critiques and standards,39-research-completion.md,specified,unassessed; no implementation certification,OPEN-AP;OPEN-AP-UNIVERSITY;CMT;OVERFIT;CFA-CBOK,Complete exact model/data specification and independent acceptance evidence
QK-403,How research becomes a complete usable library,Source provenance access depth and incentives,39-research-completion.md,specified,unassessed; no implementation certification,OPEN-AP;OPEN-AP-UNIVERSITY;CMT;OVERFIT;CFA-CBOK,Complete exact model/data specification and independent acceptance evidence
QK-404,How research becomes a complete usable library,Empirical signal corpus import and review,39-research-completion.md,specified,unassessed; no implementation certification,OPEN-AP;OPEN-AP-UNIVERSITY;CMT;OVERFIT;CFA-CBOK,Complete exact model/data specification and independent acceptance evidence
QK-405,How research becomes a complete usable library,Technical chart volume breadth research coverage,39-research-completion.md,specified,unassessed; no implementation certification,OPEN-AP;OPEN-AP-UNIVERSITY;CMT;OVERFIT;CFA-CBOK,Complete exact model/data specification and independent acceptance evidence
QK-406,How research becomes a complete usable library,Exact method cards and independent examples,39-research-completion.md,specified,unassessed; no implementation certification,OPEN-AP;OPEN-AP-UNIVERSITY;CMT;OVERFIT;CFA-CBOK,Complete exact model/data specification and independent acceptance evidence
QK-407,How research becomes a complete usable library,Qualitative evidence counterarguments and reviewer,39-research-completion.md,specified,unassessed; no implementation certification,OPEN-AP;OPEN-AP-UNIVERSITY;CMT;OVERFIT;CFA-CBOK,Complete exact model/data specification and independent acceptance evidence
QK-408,How research becomes a complete usable library,Release-specific coverage acceptance and exclusions,39-research-completion.md,specified,unassessed; no implementation certification,OPEN-AP;OPEN-AP-UNIVERSITY;CMT;OVERFIT;CFA-CBOK,Complete exact model/data specification and independent acceptance evidence
QK-409,How research becomes a complete usable library,Continuous literature revision and gap ownership,39-research-completion.md,specified,unassessed; no implementation certification,OPEN-AP;OPEN-AP-UNIVERSITY;CMT;OVERFIT;CFA-CBOK,Complete exact model/data specification and independent acceptance evidence
QK-410,Metrics and ratios need exact contracts,Metric definition formula version and applicability,40-metric-specifications.md,specified,unassessed; no implementation certification,SEC-STATEMENTS;SEC-XBRL;PIOTROSKI;ALTMAN;BENEISH;IFRS,Complete exact model/data specification and independent acceptance evidence
QK-411,Metrics and ratios need exact contracts,Statement mapping period currency and availability,40-metric-specifications.md,specified,unassessed; no implementation certification,SEC-STATEMENTS;SEC-XBRL;PIOTROSKI;ALTMAN;BENEISH;IFRS,Complete exact model/data specification and independent acceptance evidence
QK-412,Metrics and ratios need exact contracts,Reported normalized non-GAAP bridges,40-metric-specifications.md,specified,unassessed; no implementation certification,SEC-STATEMENTS;SEC-XBRL;PIOTROSKI;ALTMAN;BENEISH;IFRS,Complete exact model/data specification and independent acceptance evidence
QK-413,Metrics and ratios need exact contracts,Profitability liquidity leverage efficiency ratios,40-metric-specifications.md,specified,unassessed; no implementation certification,SEC-STATEMENTS;SEC-XBRL;PIOTROSKI;ALTMAN;BENEISH;IFRS,Complete exact model/data specification and independent acceptance evidence
QK-414,Metrics and ratios need exact contracts,Cash conversion and enterprise equity bridges,40-metric-specifications.md,specified,unassessed; no implementation certification,SEC-STATEMENTS;SEC-XBRL;PIOTROSKI;ALTMAN;BENEISH;IFRS,Complete exact model/data specification and independent acceptance evidence
QK-415,Metrics and ratios need exact contracts,Forensic scores and accrual variants,40-metric-specifications.md,specified,unassessed; no implementation certification,SEC-STATEMENTS;SEC-XBRL;PIOTROSKI;ALTMAN;BENEISH;IFRS,Complete exact model/data specification and independent acceptance evidence
QK-416,Metrics and ratios need exact contracts,Bank insurance REIT SaaS commodity metric profiles,40-metric-specifications.md,specified,unassessed; no implementation certification,SEC-STATEMENTS;SEC-XBRL;PIOTROSKI;ALTMAN;BENEISH;IFRS,Complete exact model/data specification and independent acceptance evidence
QK-417,Metrics and ratios need exact contracts,Invalid denominator and independent filing fixtures,40-metric-specifications.md,specified,unassessed; no implementation certification,SEC-STATEMENTS;SEC-XBRL;PIOTROSKI;ALTMAN;BENEISH;IFRS,Complete exact model/data specification and independent acceptance evidence
QK-418,Sector and business-model valuation profiles,Serial acquirer organic acquired growth and capital costs,41-sector-valuation.md,specified,unassessed; no implementation certification,DAMODARAN;DAMODARAN-SECTORS;DAMODARAN-BANKS;IFRS,Complete exact model/data specification and independent acceptance evidence
QK-419,Sector and business-model valuation profiles,Bank capital credit and distributable earnings profile,41-sector-valuation.md,specified,unassessed; no implementation certification,DAMODARAN;DAMODARAN-SECTORS;DAMODARAN-BANKS;IFRS,Complete exact model/data specification and independent acceptance evidence
QK-420,Sector and business-model valuation profiles,P&C life insurance liability and capital profiles,41-sector-valuation.md,specified,unassessed; no implementation certification,DAMODARAN;DAMODARAN-SECTORS;DAMODARAN-BANKS;IFRS,Complete exact model/data specification and independent acceptance evidence
QK-421,Sector and business-model valuation profiles,Conglomerate holding-company claim-level SOTP,41-sector-valuation.md,specified,unassessed; no implementation certification,DAMODARAN;DAMODARAN-SECTORS;DAMODARAN-BANKS;IFRS,Complete exact model/data specification and independent acceptance evidence
QK-422,Sector and business-model valuation profiles,REIT property NAV FFO and maintenance profile,41-sector-valuation.md,specified,unassessed; no implementation certification,DAMODARAN;DAMODARAN-SECTORS;DAMODARAN-BANKS;IFRS,Complete exact model/data specification and independent acceptance evidence
QK-423,Sector and business-model valuation profiles,SaaS marketplace cohort dilution profiles,41-sector-valuation.md,specified,unassessed; no implementation certification,DAMODARAN;DAMODARAN-SECTORS;DAMODARAN-BANKS;IFRS,Complete exact model/data specification and independent acceptance evidence
QK-424,Sector and business-model valuation profiles,Resource utilities regulated and cyclical profiles,41-sector-valuation.md,specified,unassessed; no implementation certification,DAMODARAN;DAMODARAN-SECTORS;DAMODARAN-BANKS;IFRS,Complete exact model/data specification and independent acceptance evidence
QK-425,Sector and business-model valuation profiles,Distressed early-stage contingent valuation profiles,41-sector-valuation.md,specified,unassessed; no implementation certification,DAMODARAN;DAMODARAN-SECTORS;DAMODARAN-BANKS;IFRS,Complete exact model/data specification and independent acceptance evidence
QK-426,Sector and business-model valuation profiles,Sector-specific independent issuer fixtures,41-sector-valuation.md,specified,unassessed; no implementation certification,DAMODARAN;DAMODARAN-SECTORS;DAMODARAN-BANKS;IFRS,Complete exact model/data specification and independent acceptance evidence
QK-427,"Portfolio methods: estimators, objectives and allocation rules",Estimator objective constraint solver separation,42-optimization-methods.md,specified,unassessed; no implementation certification,HRP;PRADO-PUBLICATIONS;PYPORTFOLIOOPT;RISKFOLIO;SHRINKAGE,Complete exact model/data specification and independent acceptance evidence
QK-428,"Portfolio methods: estimators, objectives and allocation rules",Classic MPT efficient frontier min variance max Sharpe,42-optimization-methods.md,specified,unassessed; no implementation certification,HRP;PRADO-PUBLICATIONS;PYPORTFOLIOOPT;RISKFOLIO;SHRINKAGE,Complete exact model/data specification and independent acceptance evidence
QK-429,"Portfolio methods: estimators, objectives and allocation rules",Equal weight inverse volatility risk-budget baselines,42-optimization-methods.md,specified,unassessed; no implementation certification,HRP;PRADO-PUBLICATIONS;PYPORTFOLIOOPT;RISKFOLIO;SHRINKAGE,Complete exact model/data specification and independent acceptance evidence
QK-430,"Portfolio methods: estimators, objectives and allocation rules",ERC maximum diversification correlation methods,42-optimization-methods.md,specified,unassessed; no implementation certification,HRP;PRADO-PUBLICATIONS;PYPORTFOLIOOPT;RISKFOLIO;SHRINKAGE,Complete exact model/data specification and independent acceptance evidence
QK-431,"Portfolio methods: estimators, objectives and allocation rules",HRP HERC NCO distinct hierarchical methods,42-optimization-methods.md,specified,unassessed; no implementation certification,HRP;PRADO-PUBLICATIONS;PYPORTFOLIOOPT;RISKFOLIO;SHRINKAGE,Complete exact model/data specification and independent acceptance evidence
QK-432,"Portfolio methods: estimators, objectives and allocation rules",CVaR downside drawdown robust objectives,42-optimization-methods.md,specified,unassessed; no implementation certification,HRP;PRADO-PUBLICATIONS;PYPORTFOLIOOPT;RISKFOLIO;SHRINKAGE,Complete exact model/data specification and independent acceptance evidence
QK-433,"Portfolio methods: estimators, objectives and allocation rules",Black Litterman Bayesian shrinkage denoising inputs,42-optimization-methods.md,specified,unassessed; no implementation certification,HRP;PRADO-PUBLICATIONS;PYPORTFOLIOOPT;RISKFOLIO;SHRINKAGE,Complete exact model/data specification and independent acceptance evidence
QK-434,"Portfolio methods: estimators, objectives and allocation rules",Tax turnover leverage and integer constraints,42-optimization-methods.md,specified,unassessed; no implementation certification,HRP;PRADO-PUBLICATIONS;PYPORTFOLIOOPT;RISKFOLIO;SHRINKAGE,Complete exact model/data specification and independent acceptance evidence
QK-435,"Portfolio methods: estimators, objectives and allocation rules",Dynamic goal liability-relative allocation,42-optimization-methods.md,specified,unassessed; no implementation certification,HRP;PRADO-PUBLICATIONS;PYPORTFOLIOOPT;RISKFOLIO;SHRINKAGE,Complete exact model/data specification and independent acceptance evidence
QK-436,"Portfolio methods: estimators, objectives and allocation rules",Independent optimizer and economic robustness evidence,42-optimization-methods.md,specified,unassessed; no implementation certification,HRP;PRADO-PUBLICATIONS;PYPORTFOLIOOPT;RISKFOLIO;SHRINKAGE,Complete exact model/data specification and independent acceptance evidence
QK-437,Backtesting methodology at method level,Chan and Prado edition paper procedure mapping,43-backtest-methods.md,specified,unassessed; no implementation certification,CHAN;CHAN-BOOK;PRADO-PUBLICATIONS;OVERFIT;SKLEARN;LEAN-FILLS,Complete exact model/data specification and independent acceptance evidence
QK-438,Backtesting methodology at method level,Economic data engine statistical validation separation,43-backtest-methods.md,specified,unassessed; no implementation certification,CHAN;CHAN-BOOK;PRADO-PUBLICATIONS;OVERFIT;SKLEARN;LEAN-FILLS,Complete exact model/data specification and independent acceptance evidence
QK-439,Backtesting methodology at method level,Chronological rolling expanding and purged evaluation,43-backtest-methods.md,specified,unassessed; no implementation certification,CHAN;CHAN-BOOK;PRADO-PUBLICATIONS;OVERFIT;SKLEARN;LEAN-FILLS,Complete exact model/data specification and independent acceptance evidence
QK-440,Backtesting methodology at method level,CSCV PBO PSR DSR track-record research candidates,43-backtest-methods.md,specified,unassessed; no implementation certification,CHAN;CHAN-BOOK;PRADO-PUBLICATIONS;OVERFIT;SKLEARN;LEAN-FILLS,Complete exact model/data specification and independent acceptance evidence
QK-441,Backtesting methodology at method level,Dependence-aware bootstrap placebos and robustness,43-backtest-methods.md,specified,unassessed; no implementation certification,CHAN;CHAN-BOOK;PRADO-PUBLICATIONS;OVERFIT;SKLEARN;LEAN-FILLS,Complete exact model/data specification and independent acceptance evidence
QK-442,Backtesting methodology at method level,Events triple barriers meta labels uniqueness weighting,43-backtest-methods.md,specified,unassessed; no implementation certification,CHAN;CHAN-BOOK;PRADO-PUBLICATIONS;OVERFIT;SKLEARN;LEAN-FILLS,Complete exact model/data specification and independent acceptance evidence
QK-443,Backtesting methodology at method level,Fractional differencing and feature importance candidates,43-backtest-methods.md,specified,unassessed; no implementation certification,CHAN;CHAN-BOOK;PRADO-PUBLICATIONS;OVERFIT;SKLEARN;LEAN-FILLS,Complete exact model/data specification and independent acceptance evidence
QK-444,Backtesting methodology at method level,Execution lifecycle cost and terminal-state fixtures,43-backtest-methods.md,specified,unassessed; no implementation certification,CHAN;CHAN-BOOK;PRADO-PUBLICATIONS;OVERFIT;SKLEARN;LEAN-FILLS,Complete exact model/data specification and independent acceptance evidence
QK-445,Backtesting methodology at method level,Published replication versus modified strategy evidence,43-backtest-methods.md,specified,unassessed; no implementation certification,CHAN;CHAN-BOOK;PRADO-PUBLICATIONS;OVERFIT;SKLEARN;LEAN-FILLS,Complete exact model/data specification and independent acceptance evidence
QK-446,Backtesting methodology at method level,All-trial and holdout-use governance,43-backtest-methods.md,specified,unassessed; no implementation certification,CHAN;CHAN-BOOK;PRADO-PUBLICATIONS;OVERFIT;SKLEARN;LEAN-FILLS,Complete exact model/data specification and independent acceptance evidence
QK-447,"Household, accumulation, retirement and FIRE simulation",Shared household policy and economic simulation engine,44-household-simulation.md,specified,unassessed; no implementation certification,RETIREMENT;CFP;CRA;GIPS,Complete exact model/data specification and independent acceptance evidence
QK-448,"Household, accumulation, retirement and FIRE simulation",Income growth interruptions partner business cash flows,44-household-simulation.md,specified,unassessed; no implementation certification,RETIREMENT;CFP;CRA;GIPS,Complete exact model/data specification and independent acceptance evidence
QK-449,"Household, accumulation, retirement and FIRE simulation",Spending inflation debt housing education and liquidity,44-household-simulation.md,specified,unassessed; no implementation certification,RETIREMENT;CFP;CRA;GIPS,Complete exact model/data specification and independent acceptance evidence
QK-450,"Household, accumulation, retirement and FIRE simulation",Account contribution benefits tax and fee timing,44-household-simulation.md,specified,unassessed; no implementation certification,RETIREMENT;CFP;CRA;GIPS,Complete exact model/data specification and independent acceptance evidence
QK-451,"Household, accumulation, retirement and FIRE simulation",Accumulation contribution and savings policy scenarios,44-household-simulation.md,specified,unassessed; no implementation certification,RETIREMENT;CFP;CRA;GIPS,Complete exact model/data specification and independent acceptance evidence
QK-452,"Household, accumulation, retirement and FIRE simulation",Longevity pension partner health and care scenarios,44-household-simulation.md,specified,unassessed; no implementation certification,RETIREMENT;CFP;CRA;GIPS,Complete exact model/data specification and independent acceptance evidence
QK-453,"Household, accumulation, retirement and FIRE simulation",Fixed real percentage guardrail floor-upside policies,44-household-simulation.md,specified,unassessed; no implementation certification,RETIREMENT;CFP;CRA;GIPS,Complete exact model/data specification and independent acceptance evidence
QK-454,"Household, accumulation, retirement and FIRE simulation",Lean fat coast barista phased FIRE scenario templates,44-household-simulation.md,specified,unassessed; no implementation certification,RETIREMENT;CFP;CRA;GIPS,Complete exact model/data specification and independent acceptance evidence
QK-455,"Household, accumulation, retirement and FIRE simulation",Sequence-of-returns and contribution-order fixtures,44-household-simulation.md,specified,unassessed; no implementation certification,RETIREMENT;CFP;CRA;GIPS,Complete exact model/data specification and independent acceptance evidence
QK-456,"Household, accumulation, retirement and FIRE simulation",Historical bootstrap stochastic regime scenario comparison,44-household-simulation.md,specified,unassessed; no implementation certification,RETIREMENT;CFP;CRA;GIPS,Complete exact model/data specification and independent acceptance evidence
QK-457,"Household, accumulation, retirement and FIRE simulation",Shortfall duration funding consumption and tail reports,44-household-simulation.md,specified,unassessed; no implementation certification,RETIREMENT;CFP;CRA;GIPS,Complete exact model/data specification and independent acceptance evidence
QK-458,"Household, accumulation, retirement and FIRE simulation",Beginner calculators with advanced assumption controls,44-household-simulation.md,specified,unassessed; no implementation certification,RETIREMENT;CFP;CRA;GIPS,Complete exact model/data specification and independent acceptance evidence
QK-459,Calculators and simulations for a broader audience,Beginner calculator and advanced model parity,45-calculator-product.md,specified,unassessed; no implementation certification,RETIREMENT;CFP;OWASP;GIPS,Complete exact model/data specification and independent acceptance evidence
QK-460,Calculators and simulations for a broader audience,Savings income inflation debt and liquidity calculators,45-calculator-product.md,specified,unassessed; no implementation certification,RETIREMENT;CFP;OWASP;GIPS,Complete exact model/data specification and independent acceptance evidence
QK-461,Calculators and simulations for a broader audience,FIRE retirement withdrawal policy comparisons,45-calculator-product.md,specified,unassessed; no implementation certification,RETIREMENT;CFP;OWASP;GIPS,Complete exact model/data specification and independent acceptance evidence
QK-462,Calculators and simulations for a broader audience,Valuation bond option and portfolio education,45-calculator-product.md,specified,unassessed; no implementation certification,RETIREMENT;CFP;OWASP;GIPS,Complete exact model/data specification and independent acceptance evidence
QK-463,Calculators and simulations for a broader audience,Explicit presets assumptions and outcome uncertainty,45-calculator-product.md,specified,unassessed; no implementation certification,RETIREMENT;CFP;OWASP;GIPS,Complete exact model/data specification and independent acceptance evidence
QK-464,Calculators and simulations for a broader audience,Anonymous private saved and shared scenario boundaries,45-calculator-product.md,specified,unassessed; no implementation certification,RETIREMENT;CFP;OWASP;GIPS,Complete exact model/data specification and independent acceptance evidence
QK-465,Calculators and simulations for a broader audience,Household versus exchange simulation responsibilities,45-calculator-product.md,specified,unassessed; no implementation certification,RETIREMENT;CFP;OWASP;GIPS,Complete exact model/data specification and independent acceptance evidence
QK-466,Calculators and simulations for a broader audience,Public deployment and advice scope decisions,45-calculator-product.md,specified,unassessed; no implementation certification,RETIREMENT;CFP;OWASP;GIPS,Complete exact model/data specification and independent acceptance evidence
