id,domain,method,kind,definition_or_purpose,critical_convention_or_failure,specification_owner,reference_map,research_status,implementation_gate
QM-001,Financial metrics,Gross margin,metric,Gross profit divided by revenue,Cost classification and sector comparability,40-metric-specifications.md,SEC-STATEMENTS;IFRS,Candidate/inventory definition; exact source-level implementation review pending,Complete exact method card; review source and applicability; independently derive examples; validate data/timing/numerics
QM-002,Financial metrics,EBIT margin,metric,Defined EBIT divided by revenue,Operating and nonoperating adjustments,40-metric-specifications.md,SEC-STATEMENTS;IFRS,Candidate/inventory definition; exact source-level implementation review pending,Complete exact method card; review source and applicability; independently derive examples; validate data/timing/numerics
QM-003,Financial metrics,EBITDA margin,metric,Defined EBITDA divided by revenue,EBITDA ignores required reinvestment,40-metric-specifications.md,SEC-STATEMENTS;IFRS,Candidate/inventory definition; exact source-level implementation review pending,Complete exact method card; review source and applicability; independently derive examples; validate data/timing/numerics
QM-004,Financial metrics,Net margin,metric,Defined owner net income divided by revenue,Minority and preferred claims,40-metric-specifications.md,SEC-STATEMENTS;IFRS,Candidate/inventory definition; exact source-level implementation review pending,Complete exact method card; review source and applicability; independently derive examples; validate data/timing/numerics
QM-005,Financial metrics,ROA,metric,Defined income divided by average assets,Asset and numerator conventions,40-metric-specifications.md,SEC-STATEMENTS;IFRS,Candidate/inventory definition; exact source-level implementation review pending,Complete exact method card; review source and applicability; independently derive examples; validate data/timing/numerics
QM-006,Financial metrics,ROE,metric,Common-owner earnings divided by average common equity,Negative equity and buyback distortion,40-metric-specifications.md,SEC-STATEMENTS;IFRS,Candidate/inventory definition; exact source-level implementation review pending,Complete exact method card; review source and applicability; independently derive examples; validate data/timing/numerics
QM-007,Financial metrics,ROIC,metric,NOPAT divided by average invested capital,Goodwill leases excess cash and acquisitions,40-metric-specifications.md,SEC-STATEMENTS;IFRS,Candidate/inventory definition; exact source-level implementation review pending,Complete exact method card; review source and applicability; independently derive examples; validate data/timing/numerics
QM-008,Financial metrics,ROCE,metric,Defined operating earnings divided by employed capital,Different denominator constructions,40-metric-specifications.md,SEC-STATEMENTS;IFRS,Candidate/inventory definition; exact source-level implementation review pending,Complete exact method card; review source and applicability; independently derive examples; validate data/timing/numerics
QM-009,Financial metrics,DuPont decomposition,metric,Bridge margin turnover leverage into return measures,Maintain compatible numerator/denominator scope,40-metric-specifications.md,SEC-STATEMENTS;IFRS,Candidate/inventory definition; exact source-level implementation review pending,Complete exact method card; review source and applicability; independently derive examples; validate data/timing/numerics
QM-010,Financial metrics,Current ratio,metric,Current assets divided by current liabilities,Classification and business-model relevance,40-metric-specifications.md,SEC-STATEMENTS;IFRS,Candidate/inventory definition; exact source-level implementation review pending,Complete exact method card; review source and applicability; independently derive examples; validate data/timing/numerics
QM-011,Financial metrics,Quick ratio,metric,Defined liquid current assets divided by current liabilities,Inventory and prepaid exclusions,40-metric-specifications.md,SEC-STATEMENTS;IFRS,Candidate/inventory definition; exact source-level implementation review pending,Complete exact method card; review source and applicability; independently derive examples; validate data/timing/numerics
QM-012,Financial metrics,Cash ratio,metric,Eligible cash and equivalents divided by current liabilities,Restricted or inaccessible cash,40-metric-specifications.md,SEC-STATEMENTS;IFRS,Candidate/inventory definition; exact source-level implementation review pending,Complete exact method card; review source and applicability; independently derive examples; validate data/timing/numerics
QM-013,Financial metrics,Debt to equity,metric,Defined debt divided by equity,Negative equity and accounting versus market basis,40-metric-specifications.md,SEC-STATEMENTS;IFRS,Candidate/inventory definition; exact source-level implementation review pending,Complete exact method card; review source and applicability; independently derive examples; validate data/timing/numerics
QM-014,Financial metrics,Debt to assets,metric,Defined debt divided by assets,Financial-firm applicability,40-metric-specifications.md,SEC-STATEMENTS;IFRS,Candidate/inventory definition; exact source-level implementation review pending,Complete exact method card; review source and applicability; independently derive examples; validate data/timing/numerics
QM-015,Financial metrics,Net debt,metric,Defined debt minus eligible cash,Leases restricted cash and subsidiary scope,40-metric-specifications.md,SEC-STATEMENTS;IFRS,Candidate/inventory definition; exact source-level implementation review pending,Complete exact method card; review source and applicability; independently derive examples; validate data/timing/numerics
QM-016,Financial metrics,Net debt to EBITDA,metric,Net debt divided by defined EBITDA,Negative earnings and cyclical peaks,40-metric-specifications.md,SEC-STATEMENTS;IFRS,Candidate/inventory definition; exact source-level implementation review pending,Complete exact method card; review source and applicability; independently derive examples; validate data/timing/numerics
QM-017,Financial metrics,EBIT interest coverage,metric,EBIT divided by interest expense,Gross versus net interest,40-metric-specifications.md,SEC-STATEMENTS;IFRS,Candidate/inventory definition; exact source-level implementation review pending,Complete exact method card; review source and applicability; independently derive examples; validate data/timing/numerics
QM-018,Financial metrics,Cash interest coverage,metric,Defined cash earnings divided by cash interest,Working capital and tax conventions,40-metric-specifications.md,SEC-STATEMENTS;IFRS,Candidate/inventory definition; exact source-level implementation review pending,Complete exact method card; review source and applicability; independently derive examples; validate data/timing/numerics
QM-019,Financial metrics,DSCR,metric,Available debt-service cash divided by scheduled debt service,Principal interest and property/project scope,40-metric-specifications.md,SEC-STATEMENTS;IFRS,Candidate/inventory definition; exact source-level implementation review pending,Complete exact method card; review source and applicability; independently derive examples; validate data/timing/numerics
QM-020,Financial metrics,Debt maturity concentration,metric,Maturity buckets relative to funding capacity,Refinancing and covenant assumptions,40-metric-specifications.md,SEC-STATEMENTS;IFRS,Candidate/inventory definition; exact source-level implementation review pending,Complete exact method card; review source and applicability; independently derive examples; validate data/timing/numerics
QM-021,Financial metrics,Days sales outstanding,metric,Average receivables divided by matching sales times period days,Credit versus total sales,40-metric-specifications.md,SEC-STATEMENTS;IFRS,Candidate/inventory definition; exact source-level implementation review pending,Complete exact method card; review source and applicability; independently derive examples; validate data/timing/numerics
QM-022,Financial metrics,Days inventory outstanding,metric,Average inventory divided by matching COGS times days,Seasonal inventory and cost basis,40-metric-specifications.md,SEC-STATEMENTS;IFRS,Candidate/inventory definition; exact source-level implementation review pending,Complete exact method card; review source and applicability; independently derive examples; validate data/timing/numerics
QM-023,Financial metrics,Days payable outstanding,metric,Average payables divided by matching purchase/COGS basis times days,Purchases versus COGS variants,40-metric-specifications.md,SEC-STATEMENTS;IFRS,Candidate/inventory definition; exact source-level implementation review pending,Complete exact method card; review source and applicability; independently derive examples; validate data/timing/numerics
QM-024,Financial metrics,Cash conversion cycle,metric,DSO plus DIO minus DPO,Align periods and denominators,40-metric-specifications.md,SEC-STATEMENTS;IFRS,Candidate/inventory definition; exact source-level implementation review pending,Complete exact method card; review source and applicability; independently derive examples; validate data/timing/numerics
QM-025,Financial metrics,Asset turnover,metric,Revenue divided by defined average assets,Beginning versus average assets,40-metric-specifications.md,SEC-STATEMENTS;IFRS,Candidate/inventory definition; exact source-level implementation review pending,Complete exact method card; review source and applicability; independently derive examples; validate data/timing/numerics
QM-026,Financial metrics,Fixed-asset turnover,metric,Revenue divided by average fixed assets,Age depreciation and outsourcing,40-metric-specifications.md,SEC-STATEMENTS;IFRS,Candidate/inventory definition; exact source-level implementation review pending,Complete exact method card; review source and applicability; independently derive examples; validate data/timing/numerics
QM-027,Financial metrics,Inventory turnover,metric,COGS divided by average inventory,Sector seasonality and unit consistency,40-metric-specifications.md,SEC-STATEMENTS;IFRS,Candidate/inventory definition; exact source-level implementation review pending,Complete exact method card; review source and applicability; independently derive examples; validate data/timing/numerics
QM-028,Financial metrics,Receivable turnover,metric,Credit revenue divided by average receivables,Credit revenue availability,40-metric-specifications.md,SEC-STATEMENTS;IFRS,Candidate/inventory definition; exact source-level implementation review pending,Complete exact method card; review source and applicability; independently derive examples; validate data/timing/numerics
QM-029,Financial metrics,CFO conversion,metric,Operating cash flow divided by chosen earnings,Tax interest classification and negative income,40-metric-specifications.md,SEC-STATEMENTS;IFRS,Candidate/inventory definition; exact source-level implementation review pending,Complete exact method card; review source and applicability; independently derive examples; validate data/timing/numerics
QM-030,Financial metrics,FCF conversion,metric,Defined free cash flow divided by earnings,Maintenance and acquisition capex,40-metric-specifications.md,SEC-STATEMENTS;IFRS,Candidate/inventory definition; exact source-level implementation review pending,Complete exact method card; review source and applicability; independently derive examples; validate data/timing/numerics
QM-031,Financial metrics,Capex intensity,metric,Capex divided by revenue,Gross cash capex versus capitalized accounting,40-metric-specifications.md,SEC-STATEMENTS;IFRS,Candidate/inventory definition; exact source-level implementation review pending,Complete exact method card; review source and applicability; independently derive examples; validate data/timing/numerics
QM-032,Financial metrics,Reinvestment rate,metric,Defined reinvestment divided by NOPAT,Acquisitions and negative earnings,40-metric-specifications.md,SEC-STATEMENTS;IFRS,Candidate/inventory definition; exact source-level implementation review pending,Complete exact method card; review source and applicability; independently derive examples; validate data/timing/numerics
QM-033,Financial metrics,Cash earnings accruals,metric,Defined earnings minus cash flow scaled by assets,Published formula variants,40-metric-specifications.md,SEC-STATEMENTS;IFRS,Candidate/inventory definition; exact source-level implementation review pending,Complete exact method card; review source and applicability; independently derive examples; validate data/timing/numerics
QM-034,Financial metrics,Balance-sheet accruals,metric,Accrual changes from balance-sheet accounts,Acquisitions FX and discontinued operations,40-metric-specifications.md,SEC-STATEMENTS;IFRS,Candidate/inventory definition; exact source-level implementation review pending,Complete exact method card; review source and applicability; independently derive examples; validate data/timing/numerics
QM-035,Financial metrics,Revenue growth,metric,Comparable-period change in revenue,Organic acquired currency and price/volume,40-metric-specifications.md,SEC-STATEMENTS;IFRS,Candidate/inventory definition; exact source-level implementation review pending,Complete exact method card; review source and applicability; independently derive examples; validate data/timing/numerics
QM-036,Financial metrics,EPS growth,metric,Comparable diluted EPS change,Buybacks dilution and one-off earnings,40-metric-specifications.md,SEC-STATEMENTS;IFRS,Candidate/inventory definition; exact source-level implementation review pending,Complete exact method card; review source and applicability; independently derive examples; validate data/timing/numerics
QM-037,Financial metrics,Sustainable growth,metric,Retention and return assumptions under a specified model,Financing constraints and changing ROE,40-metric-specifications.md,SEC-STATEMENTS;IFRS,Candidate/inventory definition; exact source-level implementation review pending,Complete exact method card; review source and applicability; independently derive examples; validate data/timing/numerics
QM-038,Financial metrics,Dividend payout,metric,Common dividends divided by common earnings,Losses and timing,40-metric-specifications.md,SEC-STATEMENTS;IFRS,Candidate/inventory definition; exact source-level implementation review pending,Complete exact method card; review source and applicability; independently derive examples; validate data/timing/numerics
QM-039,Financial metrics,FCF payout coverage,metric,Defined FCF relative to cash payouts,Debt-funded distributions,40-metric-specifications.md,SEC-STATEMENTS;IFRS,Candidate/inventory definition; exact source-level implementation review pending,Complete exact method card; review source and applicability; independently derive examples; validate data/timing/numerics
QM-040,Financial metrics,Net shareholder yield,metric,Net repurchase/issuance and distributions relative to equity value,Gross versus net payout,40-metric-specifications.md,SEC-STATEMENTS;IFRS,Candidate/inventory definition; exact source-level implementation review pending,Complete exact method card; review source and applicability; independently derive examples; validate data/timing/numerics
QM-041,Financial metrics,Dilution rate,metric,Change in comparable fully diluted ownership base,SBC options convertibles and buybacks,40-metric-specifications.md,SEC-STATEMENTS;IFRS,Candidate/inventory definition; exact source-level implementation review pending,Complete exact method card; review source and applicability; independently derive examples; validate data/timing/numerics
QM-042,Financial metrics,Enterprise value bridge,metric,Equity and senior claims less eligible nonoperating assets,Minority leases pensions double counting,40-metric-specifications.md,SEC-STATEMENTS;IFRS,Candidate/inventory definition; exact source-level implementation review pending,Complete exact method card; review source and applicability; independently derive examples; validate data/timing/numerics
QM-043,Financial metrics,Price earnings,metric,Equity price/value divided by matching common earnings,Losses forward estimates and cyclicality,40-metric-specifications.md,SEC-STATEMENTS;IFRS,Candidate/inventory definition; exact source-level implementation review pending,Complete exact method card; review source and applicability; independently derive examples; validate data/timing/numerics
QM-044,Financial metrics,Price book,metric,Equity market value divided by common book equity,Intangibles negative equity sector relevance,40-metric-specifications.md,SEC-STATEMENTS;IFRS,Candidate/inventory definition; exact source-level implementation review pending,Complete exact method card; review source and applicability; independently derive examples; validate data/timing/numerics
QM-045,Financial metrics,Price sales,metric,Equity market value divided by revenue,Capital structure mismatch,40-metric-specifications.md,SEC-STATEMENTS;IFRS,Candidate/inventory definition; exact source-level implementation review pending,Complete exact method card; review source and applicability; independently derive examples; validate data/timing/numerics
QM-046,Financial metrics,EV sales,metric,Enterprise value divided by revenue,Margin and claim consistency,40-metric-specifications.md,SEC-STATEMENTS;IFRS,Candidate/inventory definition; exact source-level implementation review pending,Complete exact method card; review source and applicability; independently derive examples; validate data/timing/numerics
QM-047,Financial metrics,EV EBIT,metric,Enterprise value divided by defined EBIT,Operating asset scope,40-metric-specifications.md,SEC-STATEMENTS;IFRS,Candidate/inventory definition; exact source-level implementation review pending,Complete exact method card; review source and applicability; independently derive examples; validate data/timing/numerics
QM-048,Financial metrics,EV EBITDA,metric,Enterprise value divided by defined EBITDA,Reinvestment and lease comparability,40-metric-specifications.md,SEC-STATEMENTS;IFRS,Candidate/inventory definition; exact source-level implementation review pending,Complete exact method card; review source and applicability; independently derive examples; validate data/timing/numerics
QM-049,Financial metrics,FCF yield,metric,Defined equity free cash flow divided by common equity value,FCFF must not use equity denominator,40-metric-specifications.md,SEC-STATEMENTS;IFRS,Candidate/inventory definition; exact source-level implementation review pending,Complete exact method card; review source and applicability; independently derive examples; validate data/timing/numerics
QM-050,Financial metrics,Earnings yield,metric,Matching earnings divided by equity price/value,Normalization and negative earnings,40-metric-specifications.md,SEC-STATEMENTS;IFRS,Candidate/inventory definition; exact source-level implementation review pending,Complete exact method card; review source and applicability; independently derive examples; validate data/timing/numerics
QM-051,Financial metrics,PEG,metric,Specified P/E divided by specified growth rate,Units horizon growth instability,40-metric-specifications.md,SEC-STATEMENTS;IFRS,Candidate/inventory definition; exact source-level implementation review pending,Complete exact method card; review source and applicability; independently derive examples; validate data/timing/numerics
QM-052,Financial metrics,Altman Z variants,metric,Versioned distress-score models,Full-text variant applicability coefficients pending,40-metric-specifications.md,SEC-STATEMENTS;IFRS,Candidate/inventory definition; exact source-level implementation review pending,Complete exact method card; review source and applicability; independently derive examples; validate data/timing/numerics
QM-053,Financial metrics,Beneish M variants,metric,Versioned manipulation-screen models,Screening is not proof of fraud,40-metric-specifications.md,SEC-STATEMENTS;IFRS,Candidate/inventory definition; exact source-level implementation review pending,Complete exact method card; review source and applicability; independently derive examples; validate data/timing/numerics
QM-054,Financial metrics,Piotroski F score,metric,Nine original accounting signals summed,Original scaling issuance and sector context,40-metric-specifications.md,SEC-STATEMENTS;IFRS,Candidate/inventory definition; exact source-level implementation review pending,Complete exact method card; review source and applicability; independently derive examples; validate data/timing/numerics
QM-055,Financial metrics,Bank net interest margin,metric,Defined net interest income relative to earning assets,Average assets interest recognition,40-metric-specifications.md,SEC-STATEMENTS;IFRS,Candidate/inventory definition; exact source-level implementation review pending,Complete exact method card; review source and applicability; independently derive examples; validate data/timing/numerics
QM-056,Financial metrics,Bank loan deposit ratio,metric,Defined loans divided by deposits,Funding composition and regulatory scope,40-metric-specifications.md,SEC-STATEMENTS;IFRS,Candidate/inventory definition; exact source-level implementation review pending,Complete exact method card; review source and applicability; independently derive examples; validate data/timing/numerics
QM-057,Financial metrics,Bank nonperforming loans ratio,metric,Specified impaired loans divided by loan balance,Local recognition definitions,40-metric-specifications.md,SEC-STATEMENTS;IFRS,Candidate/inventory definition; exact source-level implementation review pending,Complete exact method card; review source and applicability; independently derive examples; validate data/timing/numerics
QM-058,Financial metrics,Bank credit-loss coverage,metric,Specified allowances relative to loan risk measures,Expected-loss accounting and cycle,40-metric-specifications.md,SEC-STATEMENTS;IFRS,Candidate/inventory definition; exact source-level implementation review pending,Complete exact method card; review source and applicability; independently derive examples; validate data/timing/numerics
QM-059,Financial metrics,Bank capital ratios,metric,Regulatory eligible capital relative to required risk measure,Jurisdiction-specific rules,40-metric-specifications.md,SEC-STATEMENTS;IFRS,Candidate/inventory definition; exact source-level implementation review pending,Complete exact method card; review source and applicability; independently derive examples; validate data/timing/numerics
QM-060,Financial metrics,Insurer combined ratio,metric,Defined loss plus expense ratios,Gross net earned written bases,40-metric-specifications.md,SEC-STATEMENTS;IFRS,Candidate/inventory definition; exact source-level implementation review pending,Complete exact method card; review source and applicability; independently derive examples; validate data/timing/numerics
QM-061,Financial metrics,Insurer reserve development,metric,Changes in prior loss-reserve estimates,Underwriting years and reinsurance,40-metric-specifications.md,SEC-STATEMENTS;IFRS,Candidate/inventory definition; exact source-level implementation review pending,Complete exact method card; review source and applicability; independently derive examples; validate data/timing/numerics
QM-062,Financial metrics,Insurer investment float economics,metric,Investment returns and funding from obligations,Float is not costless permanent capital,40-metric-specifications.md,SEC-STATEMENTS;IFRS,Candidate/inventory definition; exact source-level implementation review pending,Complete exact method card; review source and applicability; independently derive examples; validate data/timing/numerics
QM-063,Financial metrics,REIT FFO and AFFO,metric,Defined reported and adjusted funds measures,Issuer/standard maintenance-capex definitions,40-metric-specifications.md,SEC-STATEMENTS;IFRS,Candidate/inventory definition; exact source-level implementation review pending,Complete exact method card; review source and applicability; independently derive examples; validate data/timing/numerics
QM-064,Financial metrics,REIT cap rate,metric,Defined property operating income divided by value,Stabilization vacancy capex exclusions,40-metric-specifications.md,SEC-STATEMENTS;IFRS,Candidate/inventory definition; exact source-level implementation review pending,Complete exact method card; review source and applicability; independently derive examples; validate data/timing/numerics
QM-065,Financial metrics,SaaS net revenue retention,metric,Existing-cohort revenue retention/expansion,Cohort and currency definitions,40-metric-specifications.md,SEC-STATEMENTS;IFRS,Candidate/inventory definition; exact source-level implementation review pending,Complete exact method card; review source and applicability; independently derive examples; validate data/timing/numerics
QM-066,Financial metrics,SaaS gross revenue retention,metric,Existing-cohort retention excluding expansion,Different issuer definitions,40-metric-specifications.md,SEC-STATEMENTS;IFRS,Candidate/inventory definition; exact source-level implementation review pending,Complete exact method card; review source and applicability; independently derive examples; validate data/timing/numerics
QM-067,Financial metrics,SaaS CAC payback,metric,Acquisition spend recovery through defined gross profits,Cohort attribution and timing,40-metric-specifications.md,SEC-STATEMENTS;IFRS,Candidate/inventory definition; exact source-level implementation review pending,Complete exact method card; review source and applicability; independently derive examples; validate data/timing/numerics
QM-068,Financial metrics,SaaS LTV CAC,metric,Conditional lifetime economics relative to acquisition cost,Retention extrapolation and contribution margins,40-metric-specifications.md,SEC-STATEMENTS;IFRS,Candidate/inventory definition; exact source-level implementation review pending,Complete exact method card; review source and applicability; independently derive examples; validate data/timing/numerics
QM-069,Financial metrics,Resource unit economics,metric,Realized price cost production and sustaining investment,Reserve depletion closure costs,40-metric-specifications.md,SEC-STATEMENTS;IFRS,Candidate/inventory definition; exact source-level implementation review pending,Complete exact method card; review source and applicability; independently derive examples; validate data/timing/numerics
QM-070,Portfolio objectives and allocation,Equal weight,allocation/objective,Allocate capital equally within declared eligible assets,Universe and rebalance costs,42-optimization-methods.md,HRP;RISKFOLIO;PYPORTFOLIOOPT,Candidate/inventory definition; exact source-level implementation review pending,Complete exact method card; review source and applicability; independently derive examples; validate data/timing/numerics
QM-071,Portfolio objectives and allocation,Inverse volatility,allocation/objective,Allocate proportional to inverse estimated volatility,Correlations and estimation lag,42-optimization-methods.md,HRP;RISKFOLIO;PYPORTFOLIOOPT,Candidate/inventory definition; exact source-level implementation review pending,Complete exact method card; review source and applicability; independently derive examples; validate data/timing/numerics
QM-072,Portfolio objectives and allocation,Mean variance utility,allocation/objective,Optimize expected return minus a variance penalty,Estimated returns dominate sensitivity,42-optimization-methods.md,HRP;RISKFOLIO;PYPORTFOLIOOPT,Candidate/inventory definition; exact source-level implementation review pending,Complete exact method card; review source and applicability; independently derive examples; validate data/timing/numerics
QM-073,Portfolio objectives and allocation,Efficient frontier,allocation/objective,Feasible risk-return tradeoffs under common constraints,Not all frontier points are investable after rounding,42-optimization-methods.md,HRP;RISKFOLIO;PYPORTFOLIOOPT,Candidate/inventory definition; exact source-level implementation review pending,Complete exact method card; review source and applicability; independently derive examples; validate data/timing/numerics
QM-074,Portfolio objectives and allocation,Global minimum variance,allocation/objective,Minimize portfolio quadratic covariance risk,Covariance stability and constraints,42-optimization-methods.md,HRP;RISKFOLIO;PYPORTFOLIOOPT,Candidate/inventory definition; exact source-level implementation review pending,Complete exact method card; review source and applicability; independently derive examples; validate data/timing/numerics
QM-075,Portfolio objectives and allocation,Target-return minimum risk,allocation/objective,Minimize specified risk subject to expected return target,Infeasible uncertain return targets,42-optimization-methods.md,HRP;RISKFOLIO;PYPORTFOLIOOPT,Candidate/inventory definition; exact source-level implementation review pending,Complete exact method card; review source and applicability; independently derive examples; validate data/timing/numerics
QM-076,Portfolio objectives and allocation,Target-risk maximum return,allocation/objective,Maximize expected return under declared risk budget,Estimated beliefs and concentration,42-optimization-methods.md,HRP;RISKFOLIO;PYPORTFOLIOOPT,Candidate/inventory definition; exact source-level implementation review pending,Complete exact method card; review source and applicability; independently derive examples; validate data/timing/numerics
QM-077,Portfolio objectives and allocation,Maximum Sharpe,allocation/objective,Optimize excess return relative to volatility,Risk-free frequency and nonconvex transformations,42-optimization-methods.md,HRP;RISKFOLIO;PYPORTFOLIOOPT,Candidate/inventory definition; exact source-level implementation review pending,Complete exact method card; review source and applicability; independently derive examples; validate data/timing/numerics
QM-078,Portfolio objectives and allocation,Minimum tracking error,allocation/objective,Reduce deviation from chosen benchmark,Benchmark and factor mismatch,42-optimization-methods.md,HRP;RISKFOLIO;PYPORTFOLIOOPT,Candidate/inventory definition; exact source-level implementation review pending,Complete exact method card; review source and applicability; independently derive examples; validate data/timing/numerics
QM-079,Portfolio objectives and allocation,Maximum information ratio,allocation/objective,Optimize active return relative to tracking error,Noisy active-return estimates,42-optimization-methods.md,HRP;RISKFOLIO;PYPORTFOLIOOPT,Candidate/inventory definition; exact source-level implementation review pending,Complete exact method card; review source and applicability; independently derive examples; validate data/timing/numerics
QM-080,Portfolio objectives and allocation,Equal risk contribution,allocation/objective,Equalize component contributions under defined risk,Sign leverage and correlation semantics,42-optimization-methods.md,HRP;RISKFOLIO;PYPORTFOLIOOPT,Candidate/inventory definition; exact source-level implementation review pending,Complete exact method card; review source and applicability; independently derive examples; validate data/timing/numerics
QM-081,Portfolio objectives and allocation,Generalized risk budgeting,allocation/objective,Allocate specified component risk budgets,Feasibility and nonlinear risk definitions,42-optimization-methods.md,HRP;RISKFOLIO;PYPORTFOLIOOPT,Candidate/inventory definition; exact source-level implementation review pending,Complete exact method card; review source and applicability; independently derive examples; validate data/timing/numerics
QM-082,Portfolio objectives and allocation,Maximum diversification,allocation/objective,Optimize specified diversification ratio,Volatility estimates and constraints,42-optimization-methods.md,HRP;RISKFOLIO;PYPORTFOLIOOPT,Candidate/inventory definition; exact source-level implementation review pending,Complete exact method card; review source and applicability; independently derive examples; validate data/timing/numerics
QM-083,Portfolio objectives and allocation,Minimum correlation,allocation/objective,Allocate under a specified correlation-based objective,Correlation alone does not set total risk,42-optimization-methods.md,HRP;RISKFOLIO;PYPORTFOLIOOPT,Candidate/inventory definition; exact source-level implementation review pending,Complete exact method card; review source and applicability; independently derive examples; validate data/timing/numerics
QM-084,Portfolio objectives and allocation,Hierarchical risk parity HRP,allocation/objective,Cluster/order assets and allocate hierarchically,Distance linkage bisection and bounds,42-optimization-methods.md,HRP;RISKFOLIO;PYPORTFOLIOOPT,Candidate/inventory definition; exact source-level implementation review pending,Complete exact method card; review source and applicability; independently derive examples; validate data/timing/numerics
QM-085,Portfolio objectives and allocation,Hierarchical equal risk contribution HERC,allocation/objective,Cluster-aware risk allocation at declared levels,Not identical to original HRP,42-optimization-methods.md,HRP;RISKFOLIO;PYPORTFOLIOOPT,Candidate/inventory definition; exact source-level implementation review pending,Complete exact method card; review source and applicability; independently derive examples; validate data/timing/numerics
QM-086,Portfolio objectives and allocation,Nested clustered optimization NCO,allocation/objective,Optimize within and across identified clusters,Clustering instability and specification,42-optimization-methods.md,HRP;RISKFOLIO;PYPORTFOLIOOPT,Candidate/inventory definition; exact source-level implementation review pending,Complete exact method card; review source and applicability; independently derive examples; validate data/timing/numerics
QM-087,Portfolio objectives and allocation,Minimum semivariance,allocation/objective,Minimize downside dispersion relative to target,Target definition and scenario size,42-optimization-methods.md,HRP;RISKFOLIO;PYPORTFOLIOOPT,Candidate/inventory definition; exact source-level implementation review pending,Complete exact method card; review source and applicability; independently derive examples; validate data/timing/numerics
QM-088,Portfolio objectives and allocation,Minimum expected shortfall CVaR,allocation/objective,Optimize losses averaged in specified tail,Tail samples and probability convention,42-optimization-methods.md,HRP;RISKFOLIO;PYPORTFOLIOOPT,Candidate/inventory definition; exact source-level implementation review pending,Complete exact method card; review source and applicability; independently derive examples; validate data/timing/numerics
QM-089,Portfolio objectives and allocation,Minimum conditional drawdown CDaR,allocation/objective,Optimize a defined drawdown-tail measure,Compounded versus uncompounded paths,42-optimization-methods.md,HRP;RISKFOLIO;PYPORTFOLIOOPT,Candidate/inventory definition; exact source-level implementation review pending,Complete exact method card; review source and applicability; independently derive examples; validate data/timing/numerics
QM-090,Portfolio objectives and allocation,Entropic risk objectives,allocation/objective,Optimize stated entropic loss/risk formulation,Distribution and solver requirements,42-optimization-methods.md,HRP;RISKFOLIO;PYPORTFOLIOOPT,Candidate/inventory definition; exact source-level implementation review pending,Complete exact method card; review source and applicability; independently derive examples; validate data/timing/numerics
QM-091,Portfolio objectives and allocation,Minimax worst-case loss,allocation/objective,Optimize worst loss in specified scenario set,Scenario coverage is not all possible futures,42-optimization-methods.md,HRP;RISKFOLIO;PYPORTFOLIOOPT,Candidate/inventory definition; exact source-level implementation review pending,Complete exact method card; review source and applicability; independently derive examples; validate data/timing/numerics
QM-092,Portfolio objectives and allocation,Robust mean variance,allocation/objective,Optimize across declared parameter uncertainty sets,Uncertainty-set calibration,42-optimization-methods.md,HRP;RISKFOLIO;PYPORTFOLIOOPT,Candidate/inventory definition; exact source-level implementation review pending,Complete exact method card; review source and applicability; independently derive examples; validate data/timing/numerics
QM-093,Portfolio objectives and allocation,Distributionally robust allocation,allocation/objective,Optimize over a declared distribution ambiguity set,Original mathematical specification pending,42-optimization-methods.md,HRP;RISKFOLIO;PYPORTFOLIOOPT,Candidate/inventory definition; exact source-level implementation review pending,Complete exact method card; review source and applicability; independently derive examples; validate data/timing/numerics
QM-094,Portfolio objectives and allocation,Kelly/log utility,allocation/objective,Maximize modeled expected log wealth,Uncertain tails leverage and estimation error,42-optimization-methods.md,HRP;RISKFOLIO;PYPORTFOLIOOPT,Candidate/inventory definition; exact source-level implementation review pending,Complete exact method card; review source and applicability; independently derive examples; validate data/timing/numerics
QM-095,Portfolio objectives and allocation,Fractional capped log allocation,allocation/objective,Constrain log-utility exposure by conservative policy,Not a universal safe fraction,42-optimization-methods.md,HRP;RISKFOLIO;PYPORTFOLIOOPT,Candidate/inventory definition; exact source-level implementation review pending,Complete exact method card; review source and applicability; independently derive examples; validate data/timing/numerics
QM-096,Portfolio objectives and allocation,Mean variance skew kurtosis,allocation/objective,Include specified higher-moment preferences,Moment instability nonconvexity,42-optimization-methods.md,HRP;RISKFOLIO;PYPORTFOLIOOPT,Candidate/inventory definition; exact source-level implementation review pending,Complete exact method card; review source and applicability; independently derive examples; validate data/timing/numerics
QM-097,Portfolio objectives and allocation,Factor risk budgeting,allocation/objective,Allocate across modeled factor risk contributions,Factor definitions and residual risk,42-optimization-methods.md,HRP;RISKFOLIO;PYPORTFOLIOOPT,Candidate/inventory definition; exact source-level implementation review pending,Complete exact method card; review source and applicability; independently derive examples; validate data/timing/numerics
QM-098,Portfolio objectives and allocation,Liability-relative allocation,allocation/objective,Optimize funding or surplus relative to obligations,Liability cash flows and discount assumptions,42-optimization-methods.md,HRP;RISKFOLIO;PYPORTFOLIOOPT,Candidate/inventory definition; exact source-level implementation review pending,Complete exact method card; review source and applicability; independently derive examples; validate data/timing/numerics
QM-099,Portfolio objectives and allocation,Goal-based stochastic allocation,allocation/objective,Optimize declared goal utility under scenarios,Multiple conflicting goals and model uncertainty,42-optimization-methods.md,HRP;RISKFOLIO;PYPORTFOLIOOPT,Candidate/inventory definition; exact source-level implementation review pending,Complete exact method card; review source and applicability; independently derive examples; validate data/timing/numerics
QM-100,Portfolio objectives and allocation,Multiperiod cost-aware allocation,allocation/objective,Optimize holdings/actions across a time horizon,Transaction financing and state assumptions,42-optimization-methods.md,HRP;RISKFOLIO;PYPORTFOLIOOPT,Candidate/inventory definition; exact source-level implementation review pending,Complete exact method card; review source and applicability; independently derive examples; validate data/timing/numerics
QM-101,Portfolio objectives and allocation,Tax-aware lot allocation,allocation/objective,Include realized-tax budgets and account restrictions,Exact jurisdiction and cross-account rules,42-optimization-methods.md,HRP;RISKFOLIO;PYPORTFOLIOOPT,Candidate/inventory definition; exact source-level implementation review pending,Complete exact method card; review source and applicability; independently derive examples; validate data/timing/numerics
QM-102,Portfolio objectives and allocation,Integer and cardinality allocation,allocation/objective,Constrain lots and selected asset count,Solver and posttrade feasibility,42-optimization-methods.md,HRP;RISKFOLIO;PYPORTFOLIOOPT,Candidate/inventory definition; exact source-level implementation review pending,Complete exact method card; review source and applicability; independently derive examples; validate data/timing/numerics
QM-103,Portfolio objectives and allocation,Turnover-constrained rebalance,allocation/objective,Bound changes relative to actual holdings,Stored target is not current holdings,42-optimization-methods.md,HRP;RISKFOLIO;PYPORTFOLIOOPT,Candidate/inventory definition; exact source-level implementation review pending,Complete exact method card; review source and applicability; independently derive examples; validate data/timing/numerics
QM-104,Portfolio estimators and diagnostics,Arithmetic return estimates,estimator/diagnostic,Estimate conditional period arithmetic means,Sampling error and compounding interpretation,42-optimization-methods.md,SHRINKAGE;RISKFOLIO;PYPORTFOLIOOPT,Candidate/inventory definition; exact source-level implementation review pending,Complete exact method card; review source and applicability; independently derive examples; validate data/timing/numerics
QM-105,Portfolio estimators and diagnostics,Geometric return estimates,estimator/diagnostic,Estimate compounded growth measures,Not interchangeable with arithmetic expected return,42-optimization-methods.md,SHRINKAGE;RISKFOLIO;PYPORTFOLIOOPT,Candidate/inventory definition; exact source-level implementation review pending,Complete exact method card; review source and applicability; independently derive examples; validate data/timing/numerics
QM-106,Portfolio estimators and diagnostics,Exponentially weighted estimates,estimator/diagnostic,Weight recent observations by declared decay,Half-life selection and availability,42-optimization-methods.md,SHRINKAGE;RISKFOLIO;PYPORTFOLIOOPT,Candidate/inventory definition; exact source-level implementation review pending,Complete exact method card; review source and applicability; independently derive examples; validate data/timing/numerics
QM-107,Portfolio estimators and diagnostics,Bayesian/shrunk means,estimator/diagnostic,Combine data and declared prior beliefs,Prior dominance and estimation uncertainty,42-optimization-methods.md,SHRINKAGE;RISKFOLIO;PYPORTFOLIOOPT,Candidate/inventory definition; exact source-level implementation review pending,Complete exact method card; review source and applicability; independently derive examples; validate data/timing/numerics
QM-108,Portfolio estimators and diagnostics,CAPM-implied returns,estimator/diagnostic,Construct expected returns from stated market model,Model and beta assumptions,42-optimization-methods.md,SHRINKAGE;RISKFOLIO;PYPORTFOLIOOPT,Candidate/inventory definition; exact source-level implementation review pending,Complete exact method card; review source and applicability; independently derive examples; validate data/timing/numerics
QM-109,Portfolio estimators and diagnostics,Reverse-optimized equilibrium returns,estimator/diagnostic,Infer returns from market weights and covariance,Risk aversion calibration,42-optimization-methods.md,SHRINKAGE;RISKFOLIO;PYPORTFOLIOOPT,Candidate/inventory definition; exact source-level implementation review pending,Complete exact method card; review source and applicability; independently derive examples; validate data/timing/numerics
QM-110,Portfolio estimators and diagnostics,Black Litterman,estimator/diagnostic,Combine equilibrium priors and views/confidence,Tau view-error and covariance conventions,42-optimization-methods.md,SHRINKAGE;RISKFOLIO;PYPORTFOLIOOPT,Candidate/inventory definition; exact source-level implementation review pending,Complete exact method card; review source and applicability; independently derive examples; validate data/timing/numerics
QM-111,Portfolio estimators and diagnostics,Entropy pooling,estimator/diagnostic,Reweight scenarios to satisfy stated views,View feasibility and effective sample size,42-optimization-methods.md,SHRINKAGE;RISKFOLIO;PYPORTFOLIOOPT,Candidate/inventory definition; exact source-level implementation review pending,Complete exact method card; review source and applicability; independently derive examples; validate data/timing/numerics
QM-112,Portfolio estimators and diagnostics,Sample covariance,estimator/diagnostic,Estimate pairwise covariance on matched observations,Missingness and ill-conditioning,42-optimization-methods.md,SHRINKAGE;RISKFOLIO;PYPORTFOLIOOPT,Candidate/inventory definition; exact source-level implementation review pending,Complete exact method card; review source and applicability; independently derive examples; validate data/timing/numerics
QM-113,Portfolio estimators and diagnostics,EWMA covariance,estimator/diagnostic,Decay-weight covariance observations,Regime tradeoffs and PSD checks,42-optimization-methods.md,SHRINKAGE;RISKFOLIO;PYPORTFOLIOOPT,Candidate/inventory definition; exact source-level implementation review pending,Complete exact method card; review source and applicability; independently derive examples; validate data/timing/numerics
QM-114,Portfolio estimators and diagnostics,Linear covariance shrinkage,estimator/diagnostic,Blend sample covariance toward declared target,Target selection and shrinkage formula,42-optimization-methods.md,SHRINKAGE;RISKFOLIO;PYPORTFOLIOOPT,Candidate/inventory definition; exact source-level implementation review pending,Complete exact method card; review source and applicability; independently derive examples; validate data/timing/numerics
QM-115,Portfolio estimators and diagnostics,Nonlinear shrinkage,estimator/diagnostic,Adjust spectral estimates under specified theory,Exact implementation/source verification,42-optimization-methods.md,SHRINKAGE;RISKFOLIO;PYPORTFOLIOOPT,Candidate/inventory definition; exact source-level implementation review pending,Complete exact method card; review source and applicability; independently derive examples; validate data/timing/numerics
QM-116,Portfolio estimators and diagnostics,Factor covariance,estimator/diagnostic,Build covariance from factors loadings and residuals,Residual correlation and exposure drift,42-optimization-methods.md,SHRINKAGE;RISKFOLIO;PYPORTFOLIOOPT,Candidate/inventory definition; exact source-level implementation review pending,Complete exact method card; review source and applicability; independently derive examples; validate data/timing/numerics
QM-117,Portfolio estimators and diagnostics,Robust covariance,estimator/diagnostic,Reduce specified outlier influence,Heavy-tail assumptions and exact estimator,42-optimization-methods.md,SHRINKAGE;RISKFOLIO;PYPORTFOLIOOPT,Candidate/inventory definition; exact source-level implementation review pending,Complete exact method card; review source and applicability; independently derive examples; validate data/timing/numerics
QM-118,Portfolio estimators and diagnostics,Random-matrix denoising,estimator/diagnostic,Apply declared eigenvalue/noise treatment,Sample ratio and model fit,42-optimization-methods.md,SHRINKAGE;RISKFOLIO;PYPORTFOLIOOPT,Candidate/inventory definition; exact source-level implementation review pending,Complete exact method card; review source and applicability; independently derive examples; validate data/timing/numerics
QM-119,Portfolio estimators and diagnostics,Detoning,estimator/diagnostic,Remove specified dominant components for an analytical purpose,Removing genuine economic risk,42-optimization-methods.md,SHRINKAGE;RISKFOLIO;PYPORTFOLIOOPT,Candidate/inventory definition; exact source-level implementation review pending,Complete exact method card; review source and applicability; independently derive examples; validate data/timing/numerics
QM-120,Portfolio estimators and diagnostics,Regime covariance,estimator/diagnostic,Condition risk estimates on stated regimes,Small samples and regime identification,42-optimization-methods.md,SHRINKAGE;RISKFOLIO;PYPORTFOLIOOPT,Candidate/inventory definition; exact source-level implementation review pending,Complete exact method card; review source and applicability; independently derive examples; validate data/timing/numerics
QM-121,Portfolio estimators and diagnostics,Clustering distance/linkage,estimator/diagnostic,Convert dependence into declared hierarchy,Metric validity and linkage sensitivity,42-optimization-methods.md,SHRINKAGE;RISKFOLIO;PYPORTFOLIOOPT,Candidate/inventory definition; exact source-level implementation review pending,Complete exact method card; review source and applicability; independently derive examples; validate data/timing/numerics
QM-122,Portfolio estimators and diagnostics,Bootstrap weight stability,estimator/diagnostic,Perturb samples to measure allocation variation,Dependence-aware resampling,42-optimization-methods.md,SHRINKAGE;RISKFOLIO;PYPORTFOLIOOPT,Candidate/inventory definition; exact source-level implementation review pending,Complete exact method card; review source and applicability; independently derive examples; validate data/timing/numerics
QM-123,Portfolio estimators and diagnostics,Marginal/component risk,estimator/diagnostic,Decompose portfolio risk under specified measure,Homogeneity and sign conventions,42-optimization-methods.md,SHRINKAGE;RISKFOLIO;PYPORTFOLIOOPT,Candidate/inventory definition; exact source-level implementation review pending,Complete exact method card; review source and applicability; independently derive examples; validate data/timing/numerics
QM-124,Portfolio estimators and diagnostics,Effective bets/concentration,estimator/diagnostic,Quantify declared diversification and concentration,Not a universal independent-bet count,42-optimization-methods.md,SHRINKAGE;RISKFOLIO;PYPORTFOLIOOPT,Candidate/inventory definition; exact source-level implementation review pending,Complete exact method card; review source and applicability; independently derive examples; validate data/timing/numerics
QM-125,Portfolio estimators and diagnostics,Constraint shadow prices,estimator/diagnostic,Explain sensitivity to binding portfolio constraints,Solver validity and local interpretation,42-optimization-methods.md,SHRINKAGE;RISKFOLIO;PYPORTFOLIOOPT,Candidate/inventory definition; exact source-level implementation review pending,Complete exact method card; review source and applicability; independently derive examples; validate data/timing/numerics
QM-126,Factor models and construction,CAPM regression,model/research method,Explain excess returns through a market factor,Benchmark currency frequency and beta stability,08-factors.md,FRENCH;FF5;OPEN-AP;MULTIPLE-TESTS,Candidate/inventory definition; exact source-level implementation review pending,Complete exact method card; review source and applicability; independently derive examples; validate data/timing/numerics
QM-127,Factor models and construction,Fama French three-factor,model/research method,Market size value explanatory returns,Dataset region vintage and units,08-factors.md,FRENCH;FF5;OPEN-AP;MULTIPLE-TESTS,Candidate/inventory definition; exact source-level implementation review pending,Complete exact method card; review source and applicability; independently derive examples; validate data/timing/numerics
QM-128,Factor models and construction,Fama French five-factor,model/research method,Add profitability and investment factors,Omitted risks and correlated exposures,08-factors.md,FRENCH;FF5;OPEN-AP;MULTIPLE-TESTS,Candidate/inventory definition; exact source-level implementation review pending,Complete exact method card; review source and applicability; independently derive examples; validate data/timing/numerics
QM-129,Factor models and construction,Carhart-type four-factor,model/research method,Market size value plus defined momentum,Verify original momentum construction,08-factors.md,FRENCH;FF5;OPEN-AP;MULTIPLE-TESTS,Candidate/inventory definition; exact source-level implementation review pending,Complete exact method card; review source and applicability; independently derive examples; validate data/timing/numerics
QM-130,Factor models and construction,Q-factor models,model/research method,Investment/profitability-related explanatory model family,Exact published variants require review,08-factors.md,FRENCH;FF5;OPEN-AP;MULTIPLE-TESTS,Candidate/inventory definition; exact source-level implementation review pending,Complete exact method card; review source and applicability; independently derive examples; validate data/timing/numerics
QM-131,Factor models and construction,Quality minus junk,model/research method,Specified quality characteristic portfolio,Original construction and tradability review pending,08-factors.md,FRENCH;FF5;OPEN-AP;MULTIPLE-TESTS,Candidate/inventory definition; exact source-level implementation review pending,Complete exact method card; review source and applicability; independently derive examples; validate data/timing/numerics
QM-132,Factor models and construction,Betting against beta,model/research method,Specified leveraged low-beta versus high-beta factor,Funding and academic/retail differences,08-factors.md,FRENCH;FF5;OPEN-AP;MULTIPLE-TESTS,Candidate/inventory definition; exact source-level implementation review pending,Complete exact method card; review source and applicability; independently derive examples; validate data/timing/numerics
QM-133,Factor models and construction,Liquidity factor models,model/research method,Define liquidity-risk explanatory portfolios,Original paper and data definitions pending,08-factors.md,FRENCH;FF5;OPEN-AP;MULTIPLE-TESTS,Candidate/inventory definition; exact source-level implementation review pending,Complete exact method card; review source and applicability; independently derive examples; validate data/timing/numerics
QM-134,Factor models and construction,Macro factor models,model/research method,Use declared economic risk factor measurements,Publication revisions causal interpretation,08-factors.md,FRENCH;FF5;OPEN-AP;MULTIPLE-TESTS,Candidate/inventory definition; exact source-level implementation review pending,Complete exact method card; review source and applicability; independently derive examples; validate data/timing/numerics
QM-135,Factor models and construction,Statistical PCA factors,model/research method,Extract return components under a fitted transform,Training-only fit and changing components,08-factors.md,FRENCH;FF5;OPEN-AP;MULTIPLE-TESTS,Candidate/inventory definition; exact source-level implementation review pending,Complete exact method card; review source and applicability; independently derive examples; validate data/timing/numerics
QM-136,Factor models and construction,Fundamental characteristic risk models,model/research method,Map industries styles and residual risks,Vendor/proprietary definitions and comparability,08-factors.md,FRENCH;FF5;OPEN-AP;MULTIPLE-TESTS,Candidate/inventory definition; exact source-level implementation review pending,Complete exact method card; review source and applicability; independently derive examples; validate data/timing/numerics
QM-137,Factor models and construction,Rolling factor regressions,model/research method,Estimate exposures over declared moving windows,Window size drift and overlapping inference,08-factors.md,FRENCH;FF5;OPEN-AP;MULTIPLE-TESTS,Candidate/inventory definition; exact source-level implementation review pending,Complete exact method card; review source and applicability; independently derive examples; validate data/timing/numerics
QM-138,Factor models and construction,State-space time-varying betas,model/research method,Model evolving exposures probabilistically,Model identifiability and filtering causality,08-factors.md,FRENCH;FF5;OPEN-AP;MULTIPLE-TESTS,Candidate/inventory definition; exact source-level implementation review pending,Complete exact method card; review source and applicability; independently derive examples; validate data/timing/numerics
QM-139,Factor models and construction,Factor mimicking portfolios,model/research method,Construct portfolios for chosen exposures,Constraints residual risks costs,08-factors.md,FRENCH;FF5;OPEN-AP;MULTIPLE-TESTS,Candidate/inventory definition; exact source-level implementation review pending,Complete exact method card; review source and applicability; independently derive examples; validate data/timing/numerics
QM-140,Factor models and construction,Single sorts,model/research method,Rank characteristics into declared portfolios,Universe lag weights and breakpoint conventions,08-factors.md,FRENCH;FF5;OPEN-AP;MULTIPLE-TESTS,Candidate/inventory definition; exact source-level implementation review pending,Complete exact method card; review source and applicability; independently derive examples; validate data/timing/numerics
QM-141,Factor models and construction,Double sorts,model/research method,Separate exposures by sequential/independent sorts,Small cells and order dependence,08-factors.md,FRENCH;FF5;OPEN-AP;MULTIPLE-TESTS,Candidate/inventory definition; exact source-level implementation review pending,Complete exact method card; review source and applicability; independently derive examples; validate data/timing/numerics
QM-142,Factor models and construction,Fama MacBeth regression,model/research method,Cross-sectional estimation with time aggregation,Dependence and inference definitions,08-factors.md,FRENCH;FF5;OPEN-AP;MULTIPLE-TESTS,Candidate/inventory definition; exact source-level implementation review pending,Complete exact method card; review source and applicability; independently derive examples; validate data/timing/numerics
QM-143,Factor models and construction,Rank information coefficient,model/research method,Relate signal ranks to future outcomes,Horizon overlap universe selection,08-factors.md,FRENCH;FF5;OPEN-AP;MULTIPLE-TESTS,Candidate/inventory definition; exact source-level implementation review pending,Complete exact method card; review source and applicability; independently derive examples; validate data/timing/numerics
QM-144,Factor models and construction,Signal decay and turnover,model/research method,Measure persistence and implementation change,Costs market impact and label alignment,08-factors.md,FRENCH;FF5;OPEN-AP;MULTIPLE-TESTS,Candidate/inventory definition; exact source-level implementation review pending,Complete exact method card; review source and applicability; independently derive examples; validate data/timing/numerics
QM-145,Factor models and construction,Sector/country neutralization,model/research method,Remove stated group exposure from features/weights,Eliminating intended economics,08-factors.md,FRENCH;FF5;OPEN-AP;MULTIPLE-TESTS,Candidate/inventory definition; exact source-level implementation review pending,Complete exact method card; review source and applicability; independently derive examples; validate data/timing/numerics
QM-146,Factor models and construction,Orthogonalized composite factors,model/research method,Combine residualized characteristics,Order dependence and instability,08-factors.md,FRENCH;FF5;OPEN-AP;MULTIPLE-TESTS,Candidate/inventory definition; exact source-level implementation review pending,Complete exact method card; review source and applicability; independently derive examples; validate data/timing/numerics
QM-147,Factor models and construction,Characteristic interactions,model/research method,Investigate conditional signal effects,Multiple testing and interpretation,08-factors.md,FRENCH;FF5;OPEN-AP;MULTIPLE-TESTS,Candidate/inventory definition; exact source-level implementation review pending,Complete exact method card; review source and applicability; independently derive examples; validate data/timing/numerics
QM-148,Factor models and construction,Post-publication analysis,model/research method,Evaluate documented signals after disclosure,Data mining and consistent construction,08-factors.md,FRENCH;FF5;OPEN-AP;MULTIPLE-TESTS,Candidate/inventory definition; exact source-level implementation review pending,Complete exact method card; review source and applicability; independently derive examples; validate data/timing/numerics
QM-149,Factor models and construction,Replication and variant attribution,model/research method,Compare original versus modified factor economics,Different universes costs and data versions,08-factors.md,FRENCH;FF5;OPEN-AP;MULTIPLE-TESTS,Candidate/inventory definition; exact source-level implementation review pending,Complete exact method card; review source and applicability; independently derive examples; validate data/timing/numerics
QM-150,Backtesting and empirical validation,As-of data joins,validation/procedure,Select only observations available by decision time,Fiscal date is not release date,43-backtest-methods.md,CHAN;PRADO-PUBLICATIONS;OVERFIT;SKLEARN,Candidate/inventory definition; exact source-level implementation review pending,Complete exact method card; review source and applicability; independently derive examples; validate data/timing/numerics
QM-151,Backtesting and empirical validation,Survivorship-free universes,validation/procedure,Reconstruct eligible assets including failures,Delisting and membership coverage,43-backtest-methods.md,CHAN;PRADO-PUBLICATIONS;OVERFIT;SKLEARN,Candidate/inventory definition; exact source-level implementation review pending,Complete exact method card; review source and applicability; independently derive examples; validate data/timing/numerics
QM-152,Backtesting and empirical validation,Publication vintage replay,validation/procedure,Recover historical revisions and releases,Intraday availability evidence,43-backtest-methods.md,CHAN;PRADO-PUBLICATIONS;OVERFIT;SKLEARN,Candidate/inventory definition; exact source-level implementation review pending,Complete exact method card; review source and applicability; independently derive examples; validate data/timing/numerics
QM-153,Backtesting and empirical validation,Prefix causality tests,validation/procedure,Appending future inputs preserves prior outputs,Hidden batch branches backfills and fitted transforms,43-backtest-methods.md,CHAN;PRADO-PUBLICATIONS;OVERFIT;SKLEARN,Candidate/inventory definition; exact source-level implementation review pending,Complete exact method card; review source and applicability; independently derive examples; validate data/timing/numerics
QM-154,Backtesting and empirical validation,Independent synthetic calibration,validation/procedure,Recover known arithmetic and injected behavior,Tester cannot share the implementation defect,43-backtest-methods.md,CHAN;PRADO-PUBLICATIONS;OVERFIT;SKLEARN,Candidate/inventory definition; exact source-level implementation review pending,Complete exact method card; review source and applicability; independently derive examples; validate data/timing/numerics
QM-155,Backtesting and empirical validation,Published strategy replication,validation/procedure,Reproduce original documented construction,Universe financing cost deviations,43-backtest-methods.md,CHAN;PRADO-PUBLICATIONS;OVERFIT;SKLEARN,Candidate/inventory definition; exact source-level implementation review pending,Complete exact method card; review source and applicability; independently derive examples; validate data/timing/numerics
QM-156,Backtesting and empirical validation,Chronological final holdout,validation/procedure,Preserve unseen later sample for final assessment,Repeated use spends holdout independence,43-backtest-methods.md,CHAN;PRADO-PUBLICATIONS;OVERFIT;SKLEARN,Candidate/inventory definition; exact source-level implementation review pending,Complete exact method card; review source and applicability; independently derive examples; validate data/timing/numerics
QM-157,Backtesting and empirical validation,Expanding walk-forward,validation/procedure,Refit using a growing past window,Regime and sampling dependence,43-backtest-methods.md,CHAN;PRADO-PUBLICATIONS;OVERFIT;SKLEARN,Candidate/inventory definition; exact source-level implementation review pending,Complete exact method card; review source and applicability; independently derive examples; validate data/timing/numerics
QM-158,Backtesting and empirical validation,Rolling walk-forward,validation/procedure,Refit using declared finite past windows,Window selection is a research trial,43-backtest-methods.md,CHAN;PRADO-PUBLICATIONS;OVERFIT;SKLEARN,Candidate/inventory definition; exact source-level implementation review pending,Complete exact method card; review source and applicability; independently derive examples; validate data/timing/numerics
QM-159,Backtesting and empirical validation,Purged cross-validation,validation/procedure,Remove overlapping training information intervals,Exact feature/label overlap semantics,43-backtest-methods.md,CHAN;PRADO-PUBLICATIONS;OVERFIT;SKLEARN,Candidate/inventory definition; exact source-level implementation review pending,Complete exact method card; review source and applicability; independently derive examples; validate data/timing/numerics
QM-160,Backtesting and empirical validation,Embargoed evaluation,validation/procedure,Exclude justified nearby intervals,Embargo is not a universal arbitrary fraction,43-backtest-methods.md,CHAN;PRADO-PUBLICATIONS;OVERFIT;SKLEARN,Candidate/inventory definition; exact source-level implementation review pending,Complete exact method card; review source and applicability; independently derive examples; validate data/timing/numerics
QM-161,Backtesting and empirical validation,Combinatorial purged CV,validation/procedure,Evaluate specified combinations with causal safeguards,Financial regime interpretation and sample overlap,43-backtest-methods.md,CHAN;PRADO-PUBLICATIONS;OVERFIT;SKLEARN,Candidate/inventory definition; exact source-level implementation review pending,Complete exact method card; review source and applicability; independently derive examples; validate data/timing/numerics
QM-162,Backtesting and empirical validation,CSCV/PBO,validation/procedure,Estimate selection fragility through defined combinatorial framework,Exact paper assumptions full verification pending,43-backtest-methods.md,CHAN;PRADO-PUBLICATIONS;OVERFIT;SKLEARN,Candidate/inventory definition; exact source-level implementation review pending,Complete exact method card; review source and applicability; independently derive examples; validate data/timing/numerics
QM-163,Backtesting and empirical validation,Probabilistic Sharpe PSR,validation/procedure,Infer stated Sharpe confidence under modeled moments,Dependence small samples and nonnormality,43-backtest-methods.md,CHAN;PRADO-PUBLICATIONS;OVERFIT;SKLEARN,Candidate/inventory definition; exact source-level implementation review pending,Complete exact method card; review source and applicability; independently derive examples; validate data/timing/numerics
QM-164,Backtesting and empirical validation,Deflated Sharpe DSR,validation/procedure,Adjust chosen Sharpe evidence for selection assumptions,Trial dependence and exact inputs,43-backtest-methods.md,CHAN;PRADO-PUBLICATIONS;OVERFIT;SKLEARN,Candidate/inventory definition; exact source-level implementation review pending,Complete exact method card; review source and applicability; independently derive examples; validate data/timing/numerics
QM-165,Backtesting and empirical validation,Minimum track record,validation/procedure,Estimate required evidence under declared assumptions,Uncertain true edge and changing regimes,43-backtest-methods.md,CHAN;PRADO-PUBLICATIONS;OVERFIT;SKLEARN,Candidate/inventory definition; exact source-level implementation review pending,Complete exact method card; review source and applicability; independently derive examples; validate data/timing/numerics
QM-166,Backtesting and empirical validation,Block bootstrap,validation/procedure,Resample blocks to retain selected dependence,Block size and structural changes,43-backtest-methods.md,CHAN;PRADO-PUBLICATIONS;OVERFIT;SKLEARN,Candidate/inventory definition; exact source-level implementation review pending,Complete exact method card; review source and applicability; independently derive examples; validate data/timing/numerics
QM-167,Backtesting and empirical validation,Stationary bootstrap,validation/procedure,Random-length blocks under declared process,Original method specification pending,43-backtest-methods.md,CHAN;PRADO-PUBLICATIONS;OVERFIT;SKLEARN,Candidate/inventory definition; exact source-level implementation review pending,Complete exact method card; review source and applicability; independently derive examples; validate data/timing/numerics
QM-168,Backtesting and empirical validation,Monte Carlo null tests,validation/procedure,Compare signal to specified no-edge processes,Null misspecification and favorable construction,43-backtest-methods.md,CHAN;PRADO-PUBLICATIONS;OVERFIT;SKLEARN,Candidate/inventory definition; exact source-level implementation review pending,Complete exact method card; review source and applicability; independently derive examples; validate data/timing/numerics
QM-169,Backtesting and empirical validation,Placebo/randomized signal tests,validation/procedure,Test falsifiable economic timing/identity hypotheses,Invalid randomization under dependence,43-backtest-methods.md,CHAN;PRADO-PUBLICATIONS;OVERFIT;SKLEARN,Candidate/inventory definition; exact source-level implementation review pending,Complete exact method card; review source and applicability; independently derive examples; validate data/timing/numerics
QM-170,Backtesting and empirical validation,Multiple-test corrections,validation/procedure,Control a declared error criterion across searches,Families dependence and selection history,43-backtest-methods.md,CHAN;PRADO-PUBLICATIONS;OVERFIT;SKLEARN,Candidate/inventory definition; exact source-level implementation review pending,Complete exact method card; review source and applicability; independently derive examples; validate data/timing/numerics
QM-171,Backtesting and empirical validation,Parameter perturbation,validation/procedure,Examine stability around chosen configurations,Perturbation searches themselves consume evidence,43-backtest-methods.md,CHAN;PRADO-PUBLICATIONS;OVERFIT;SKLEARN,Candidate/inventory definition; exact source-level implementation review pending,Complete exact method card; review source and applicability; independently derive examples; validate data/timing/numerics
QM-172,Backtesting and empirical validation,Subperiod/regime validation,validation/procedure,Evaluate declared adverse and heterogeneous periods,Posthoc period selection,43-backtest-methods.md,CHAN;PRADO-PUBLICATIONS;OVERFIT;SKLEARN,Candidate/inventory definition; exact source-level implementation review pending,Complete exact method card; review source and applicability; independently derive examples; validate data/timing/numerics
QM-173,Backtesting and empirical validation,Universe sensitivity,validation/procedure,Change eligible sets using predeclared alternatives,Survivorship and selection,43-backtest-methods.md,CHAN;PRADO-PUBLICATIONS;OVERFIT;SKLEARN,Candidate/inventory definition; exact source-level implementation review pending,Complete exact method card; review source and applicability; independently derive examples; validate data/timing/numerics
QM-174,Backtesting and empirical validation,Cost breakeven/capacity,validation/procedure,Stress costs turnover size and liquidity,Broker paper fills are not capacity evidence,43-backtest-methods.md,CHAN;PRADO-PUBLICATIONS;OVERFIT;SKLEARN,Candidate/inventory definition; exact source-level implementation review pending,Complete exact method card; review source and applicability; independently derive examples; validate data/timing/numerics
QM-175,Backtesting and empirical validation,Paper/live reconciliation,validation/procedure,Attribute divergence in data decisions fills accounting,Shared code does not equal identical outcomes,43-backtest-methods.md,CHAN;PRADO-PUBLICATIONS;OVERFIT;SKLEARN,Candidate/inventory definition; exact source-level implementation review pending,Complete exact method card; review source and applicability; independently derive examples; validate data/timing/numerics
QM-176,Backtesting and empirical validation,Tick/event/dollar/volume sampling,validation/procedure,Define observation or event boundaries,Irregular sampling and availability,43-backtest-methods.md,CHAN;PRADO-PUBLICATIONS;OVERFIT;SKLEARN,Candidate/inventory definition; exact source-level implementation review pending,Complete exact method card; review source and applicability; independently derive examples; validate data/timing/numerics
QM-177,Backtesting and empirical validation,Triple-barrier labels,validation/procedure,Label outcomes using declared price/time barriers,Label overlap and cost ignored by naive labels,43-backtest-methods.md,CHAN;PRADO-PUBLICATIONS;OVERFIT;SKLEARN,Candidate/inventory definition; exact source-level implementation review pending,Complete exact method card; review source and applicability; independently derive examples; validate data/timing/numerics
QM-178,Backtesting and empirical validation,Meta-labeling,validation/procedure,Learn conditional acceptance/sizing of primary signal,Leakage nested model selection,43-backtest-methods.md,CHAN;PRADO-PUBLICATIONS;OVERFIT;SKLEARN,Candidate/inventory definition; exact source-level implementation review pending,Complete exact method card; review source and applicability; independently derive examples; validate data/timing/numerics
QM-179,Backtesting and empirical validation,Sample uniqueness weights,validation/procedure,Account for overlapping information contribution,Exact weighting assumptions,43-backtest-methods.md,CHAN;PRADO-PUBLICATIONS;OVERFIT;SKLEARN,Candidate/inventory definition; exact source-level implementation review pending,Complete exact method card; review source and applicability; independently derive examples; validate data/timing/numerics
QM-180,Backtesting and empirical validation,Sequential bootstrap,validation/procedure,Resample according to a declared overlap method,Original procedure and dependence review,43-backtest-methods.md,CHAN;PRADO-PUBLICATIONS;OVERFIT;SKLEARN,Candidate/inventory definition; exact source-level implementation review pending,Complete exact method card; review source and applicability; independently derive examples; validate data/timing/numerics
QM-181,Backtesting and empirical validation,Fractional differencing,validation/procedure,Transform series using declared fractional filter,Causal truncation stationarity tradeoff,43-backtest-methods.md,CHAN;PRADO-PUBLICATIONS;OVERFIT;SKLEARN,Candidate/inventory definition; exact source-level implementation review pending,Complete exact method card; review source and applicability; independently derive examples; validate data/timing/numerics
QM-182,Backtesting and empirical validation,Feature permutation importance,validation/procedure,Measure out-of-sample effect of feature perturbation,Correlation and invalid permutations,43-backtest-methods.md,CHAN;PRADO-PUBLICATIONS;OVERFIT;SKLEARN,Candidate/inventory definition; exact source-level implementation review pending,Complete exact method card; review source and applicability; independently derive examples; validate data/timing/numerics
QM-183,Backtesting and empirical validation,Orthogonal feature importance,validation/procedure,Review importance under stated feature basis,Basis stability and economic meaning,43-backtest-methods.md,CHAN;PRADO-PUBLICATIONS;OVERFIT;SKLEARN,Candidate/inventory definition; exact source-level implementation review pending,Complete exact method card; review source and applicability; independently derive examples; validate data/timing/numerics
QM-184,Backtesting and empirical validation,Purged hyperparameter search,validation/procedure,Nest selection inside valid time splits,Reusing final evaluation,43-backtest-methods.md,CHAN;PRADO-PUBLICATIONS;OVERFIT;SKLEARN,Candidate/inventory definition; exact source-level implementation review pending,Complete exact method card; review source and applicability; independently derive examples; validate data/timing/numerics
QM-185,Backtesting and empirical validation,OHLC ambiguity bounds,validation/procedure,Bound intrabar outcomes instead of choosing favorable path,Resolution may not support strategy,43-backtest-methods.md,CHAN;PRADO-PUBLICATIONS;OVERFIT;SKLEARN,Candidate/inventory definition; exact source-level implementation review pending,Complete exact method card; review source and applicability; independently derive examples; validate data/timing/numerics
QM-186,Backtesting and empirical validation,Gap stop execution fixtures,validation/procedure,Simulate orders through discontinuous prices,Stops are not guaranteed loss caps,43-backtest-methods.md,CHAN;PRADO-PUBLICATIONS;OVERFIT;SKLEARN,Candidate/inventory definition; exact source-level implementation review pending,Complete exact method card; review source and applicability; independently derive examples; validate data/timing/numerics
QM-187,Backtesting and empirical validation,Terminal/timeout cost fixtures,validation/procedure,Charge all declared entry and exit events,Missing exit costs inflate outcomes,43-backtest-methods.md,CHAN;PRADO-PUBLICATIONS;OVERFIT;SKLEARN,Candidate/inventory definition; exact source-level implementation review pending,Complete exact method card; review source and applicability; independently derive examples; validate data/timing/numerics
QM-188,Backtesting and empirical validation,Restart/unknown order replay,validation/procedure,Recover actual state before resubmission,Duplicate economic intentions,43-backtest-methods.md,CHAN;PRADO-PUBLICATIONS;OVERFIT;SKLEARN,Candidate/inventory definition; exact source-level implementation review pending,Complete exact method card; review source and applicability; independently derive examples; validate data/timing/numerics
QM-189,Valuation model families,FCFF DCF,valuation model,Discount enterprise cash flows with consistent capital costs,Reinvestment debt/equity claim bridge,41-sector-valuation.md,DAMODARAN;DAMODARAN-SECTORS,Candidate/inventory definition; exact source-level implementation review pending,Complete exact method card; review source and applicability; independently derive examples; validate data/timing/numerics
QM-190,Valuation model families,FCFE DCF,valuation model,Discount distributable equity cash flows,Borrowing policy and owner scope,41-sector-valuation.md,DAMODARAN;DAMODARAN-SECTORS,Candidate/inventory definition; exact source-level implementation review pending,Complete exact method card; review source and applicability; independently derive examples; validate data/timing/numerics
QM-191,Valuation model families,Dividend discount,valuation model,Value specified distributions and terminal policy,Sustainable capital and payout assumptions,41-sector-valuation.md,DAMODARAN;DAMODARAN-SECTORS,Candidate/inventory definition; exact source-level implementation review pending,Complete exact method card; review source and applicability; independently derive examples; validate data/timing/numerics
QM-192,Valuation model families,Residual income,valuation model,Value book equity plus discounted excess earnings,Clean-surplus/accounting adjustments,41-sector-valuation.md,DAMODARAN;DAMODARAN-SECTORS,Candidate/inventory definition; exact source-level implementation review pending,Complete exact method card; review source and applicability; independently derive examples; validate data/timing/numerics
QM-193,Valuation model families,Excess-return capital model,valuation model,Model earnings above required returns on capital,Sustainable returns and reinvestment,41-sector-valuation.md,DAMODARAN;DAMODARAN-SECTORS,Candidate/inventory definition; exact source-level implementation review pending,Complete exact method card; review source and applicability; independently derive examples; validate data/timing/numerics
QM-194,Valuation model families,Relative multiples,valuation model,Compare consistently normalized price/value ratios,Peer comparability and capital structure,41-sector-valuation.md,DAMODARAN;DAMODARAN-SECTORS,Candidate/inventory definition; exact source-level implementation review pending,Complete exact method card; review source and applicability; independently derive examples; validate data/timing/numerics
QM-195,Valuation model families,Reverse DCF,valuation model,Solve assumptions consistent with market price,Multiple solutions and discount uncertainty,41-sector-valuation.md,DAMODARAN;DAMODARAN-SECTORS,Candidate/inventory definition; exact source-level implementation review pending,Complete exact method card; review source and applicability; independently derive examples; validate data/timing/numerics
QM-196,Valuation model families,Sum of parts,valuation model,Value components and reconcile parent claims,Double counting central costs taxes minorities,41-sector-valuation.md,DAMODARAN;DAMODARAN-SECTORS,Candidate/inventory definition; exact source-level implementation review pending,Complete exact method card; review source and applicability; independently derive examples; validate data/timing/numerics
QM-197,Valuation model families,NAV/appraisal valuation,valuation model,Value assets less reconciled obligations,Exit costs stale appraisal liquidity,41-sector-valuation.md,DAMODARAN;DAMODARAN-SECTORS,Candidate/inventory definition; exact source-level implementation review pending,Complete exact method card; review source and applicability; independently derive examples; validate data/timing/numerics
QM-198,Valuation model families,Liquidation/recovery,valuation model,Model realizable proceeds by claim priority,Timing legal priority and distressed costs,41-sector-valuation.md,DAMODARAN;DAMODARAN-SECTORS,Candidate/inventory definition; exact source-level implementation review pending,Complete exact method card; review source and applicability; independently derive examples; validate data/timing/numerics
QM-199,Valuation model families,Real-option/scenario valuation,valuation model,Value conditional projects or contingent choices,Risk-neutral/physical measure consistency,41-sector-valuation.md,DAMODARAN;DAMODARAN-SECTORS,Candidate/inventory definition; exact source-level implementation review pending,Complete exact method card; review source and applicability; independently derive examples; validate data/timing/numerics
QM-200,Valuation model families,Acquisition synergy/control,valuation model,Separate standalone control and synergy effects,Price paid financing integration costs,41-sector-valuation.md,DAMODARAN;DAMODARAN-SECTORS,Candidate/inventory definition; exact source-level implementation review pending,Complete exact method card; review source and applicability; independently derive examples; validate data/timing/numerics
QM-201,Valuation model families,Serial acquirer valuation,valuation model,Forecast organic acquired growth and all capital deployed,Acquisition funding goodwill earnouts,41-sector-valuation.md,DAMODARAN;DAMODARAN-SECTORS,Candidate/inventory definition; exact source-level implementation review pending,Complete exact method card; review source and applicability; independently derive examples; validate data/timing/numerics
QM-202,Valuation model families,Bank valuation profile,valuation model,Distributable equity capital credit and funding economics,Regulatory capital and loan-loss assumptions,41-sector-valuation.md,DAMODARAN;DAMODARAN-SECTORS,Candidate/inventory definition; exact source-level implementation review pending,Complete exact method card; review source and applicability; independently derive examples; validate data/timing/numerics
QM-203,Valuation model families,P&C insurer profile,valuation model,Underwriting float investment reserve capital scenarios,Reserve development and reinsurance,41-sector-valuation.md,DAMODARAN;DAMODARAN-SECTORS,Candidate/inventory definition; exact source-level implementation review pending,Complete exact method card; review source and applicability; independently derive examples; validate data/timing/numerics
QM-204,Valuation model families,Life insurer profile,valuation model,Liability duration lapse guarantee and capital scenarios,Detailed actuarial specification pending,41-sector-valuation.md,DAMODARAN;DAMODARAN-SECTORS,Candidate/inventory definition; exact source-level implementation review pending,Complete exact method card; review source and applicability; independently derive examples; validate data/timing/numerics
QM-205,Valuation model families,Conglomerate profile,valuation model,Segment methods plus parent/ownership reconciliation,Cross-holdings taxes central funding,41-sector-valuation.md,DAMODARAN;DAMODARAN-SECTORS,Candidate/inventory definition; exact source-level implementation review pending,Complete exact method card; review source and applicability; independently derive examples; validate data/timing/numerics
QM-206,Valuation model families,REIT property profile,valuation model,Property income maintenance NAV and financing,FFO/AFFO conventions and appraisal uncertainty,41-sector-valuation.md,DAMODARAN;DAMODARAN-SECTORS,Candidate/inventory definition; exact source-level implementation review pending,Complete exact method card; review source and applicability; independently derive examples; validate data/timing/numerics
QM-207,Valuation model families,SaaS subscription profile,valuation model,Cohort revenues retention margins costs dilution,Growth acquisition capital survival,41-sector-valuation.md,DAMODARAN;DAMODARAN-SECTORS,Candidate/inventory definition; exact source-level implementation review pending,Complete exact method card; review source and applicability; independently derive examples; validate data/timing/numerics
QM-208,Valuation model families,Marketplace profile,valuation model,Net monetization incentives and platform economics,GMV is not revenue,41-sector-valuation.md,DAMODARAN;DAMODARAN-SECTORS,Candidate/inventory definition; exact source-level implementation review pending,Complete exact method card; review source and applicability; independently derive examples; validate data/timing/numerics
QM-209,Valuation model families,Resource producer profile,valuation model,Production price sustaining investment depletion,Reserve and closure uncertainty,41-sector-valuation.md,DAMODARAN;DAMODARAN-SECTORS,Candidate/inventory definition; exact source-level implementation review pending,Complete exact method card; review source and applicability; independently derive examples; validate data/timing/numerics
QM-210,Valuation model families,Regulated utility profile,valuation model,Rate base allowed returns capex funding,Regulatory outcomes and jurisdiction,41-sector-valuation.md,DAMODARAN;DAMODARAN-SECTORS,Candidate/inventory definition; exact source-level implementation review pending,Complete exact method card; review source and applicability; independently derive examples; validate data/timing/numerics
QM-211,Valuation model families,Distressed company profile,valuation model,Going concern versus restructuring/liquidation scenarios,Capital stack and timing,41-sector-valuation.md,DAMODARAN;DAMODARAN-SECTORS,Candidate/inventory definition; exact source-level implementation review pending,Complete exact method card; review source and applicability; independently derive examples; validate data/timing/numerics
QM-212,Valuation model families,Early-stage biotech profile,valuation model,Milestones contingent success financing value,Probability calibration and dilution,41-sector-valuation.md,DAMODARAN;DAMODARAN-SECTORS,Candidate/inventory definition; exact source-level implementation review pending,Complete exact method card; review source and applicability; independently derive examples; validate data/timing/numerics
QM-213,Valuation model families,Asset manager broker profile,valuation model,Client assets flows fees capital funding,Market exposure and regulations,41-sector-valuation.md,DAMODARAN;DAMODARAN-SECTORS,Candidate/inventory definition; exact source-level implementation review pending,Complete exact method card; review source and applicability; independently derive examples; validate data/timing/numerics
QM-214,Household simulation and calculators,Compound growth calculator,simulation/policy,Grow capital under dated rates and contributions,Nominal real taxes fees and timing,44-household-simulation.md,RETIREMENT;CFP;CRA,Candidate/inventory definition; exact source-level implementation review pending,Complete exact method card; review source and applicability; independently derive examples; validate data/timing/numerics
QM-215,Household simulation and calculators,Income-growth projection,simulation/policy,Simulate salary business partner and benefit income,Wage inflation interruptions and uncertainty,44-household-simulation.md,RETIREMENT;CFP;CRA,Candidate/inventory definition; exact source-level implementation review pending,Complete exact method card; review source and applicability; independently derive examples; validate data/timing/numerics
QM-216,Household simulation and calculators,Spending-inflation projection,simulation/policy,Escalate expense categories under defined rates,Lifestyle changes and heterogeneous inflation,44-household-simulation.md,RETIREMENT;CFP;CRA,Candidate/inventory definition; exact source-level implementation review pending,Complete exact method card; review source and applicability; independently derive examples; validate data/timing/numerics
QM-217,Household simulation and calculators,Monthly cash-flow balance,simulation/policy,Reconcile income expenses tax debt savings,No implicit free funding,44-household-simulation.md,RETIREMENT;CFP;CRA,Candidate/inventory definition; exact source-level implementation review pending,Complete exact method card; review source and applicability; independently derive examples; validate data/timing/numerics
QM-218,Household simulation and calculators,Debt amortization/refinancing,simulation/policy,Simulate principal interest and prepayment,Compounding fees reset and penalties,44-household-simulation.md,RETIREMENT;CFP;CRA,Candidate/inventory definition; exact source-level implementation review pending,Complete exact method card; review source and applicability; independently derive examples; validate data/timing/numerics
QM-219,Household simulation and calculators,Emergency liquidity planning,simulation/policy,Reserve accessible cash for obligations,Wealth is not immediately accessible cash,44-household-simulation.md,RETIREMENT;CFP;CRA,Candidate/inventory definition; exact source-level implementation review pending,Complete exact method card; review source and applicability; independently derive examples; validate data/timing/numerics
QM-220,Household simulation and calculators,Education/property goals,simulation/policy,Fund dated goals with cash-flow scenarios,Local costs tax and account rules,44-household-simulation.md,RETIREMENT;CFP;CRA,Candidate/inventory definition; exact source-level implementation review pending,Complete exact method card; review source and applicability; independently derive examples; validate data/timing/numerics
QM-221,Household simulation and calculators,Account contribution policies,simulation/policy,Allocate savings under account limits/permissions,Year jurisdiction employer and unused-room rules,44-household-simulation.md,RETIREMENT;CFP;CRA,Candidate/inventory definition; exact source-level implementation review pending,Complete exact method card; review source and applicability; independently derive examples; validate data/timing/numerics
QM-222,Household simulation and calculators,Deterministic scenario projection,simulation/policy,Apply declared return inflation and cash paths,It is a conditional illustration not probability,44-household-simulation.md,RETIREMENT;CFP;CRA,Candidate/inventory definition; exact source-level implementation review pending,Complete exact method card; review source and applicability; independently derive examples; validate data/timing/numerics
QM-223,Household simulation and calculators,Historical rolling windows,simulation/policy,Test past multi-asset economic paths,Limited history and survivorship,44-household-simulation.md,RETIREMENT;CFP;CRA,Candidate/inventory definition; exact source-level implementation review pending,Complete exact method card; review source and applicability; independently derive examples; validate data/timing/numerics
QM-224,Household simulation and calculators,Multivariate block bootstrap,simulation/policy,Resample related return/inflation/income blocks,Dependence block calibration and structural change,44-household-simulation.md,RETIREMENT;CFP;CRA,Candidate/inventory definition; exact source-level implementation review pending,Complete exact method card; review source and applicability; independently derive examples; validate data/timing/numerics
QM-225,Household simulation and calculators,Stochastic regime scenarios,simulation/policy,Simulate stated joint changing-regime process,Parameter uncertainty and model adequacy,44-household-simulation.md,RETIREMENT;CFP;CRA,Candidate/inventory definition; exact source-level implementation review pending,Complete exact method card; review source and applicability; independently derive examples; validate data/timing/numerics
QM-226,Household simulation and calculators,Sequence-of-returns analysis,simulation/policy,Compare return orders under dated cash flows,Average return alone cannot determine outcomes,44-household-simulation.md,RETIREMENT;CFP;CRA,Candidate/inventory definition; exact source-level implementation review pending,Complete exact method card; review source and applicability; independently derive examples; validate data/timing/numerics
QM-227,Household simulation and calculators,Contribution sequence analysis,simulation/policy,Evaluate accumulation order with deposits,Contribution timing and investment policy,44-household-simulation.md,RETIREMENT;CFP;CRA,Candidate/inventory definition; exact source-level implementation review pending,Complete exact method card; review source and applicability; independently derive examples; validate data/timing/numerics
QM-228,Household simulation and calculators,Longevity and partner survival,simulation/policy,Model horizon/household transitions under inputs,Mortality assumptions and legal benefits,44-household-simulation.md,RETIREMENT;CFP;CRA,Candidate/inventory definition; exact source-level implementation review pending,Complete exact method card; review source and applicability; independently derive examples; validate data/timing/numerics
QM-229,Household simulation and calculators,Pension benefit timing,simulation/policy,Simulate defined benefits and draw timing,Current country rules and inflation indexing,44-household-simulation.md,RETIREMENT;CFP;CRA,Candidate/inventory definition; exact source-level implementation review pending,Complete exact method card; review source and applicability; independently derive examples; validate data/timing/numerics
QM-230,Household simulation and calculators,Fixed real withdrawal,simulation/policy,Withdraw inflation-adjusted scheduled spending,No universal safe starting rate,44-household-simulation.md,RETIREMENT;CFP;CRA,Candidate/inventory definition; exact source-level implementation review pending,Complete exact method card; review source and applicability; independently derive examples; validate data/timing/numerics
QM-231,Household simulation and calculators,Fixed percentage withdrawal,simulation/policy,Withdraw stated proportion of changing wealth,Volatile consumption and minimum needs,44-household-simulation.md,RETIREMENT;CFP;CRA,Candidate/inventory definition; exact source-level implementation review pending,Complete exact method card; review source and applicability; independently derive examples; validate data/timing/numerics
QM-232,Household simulation and calculators,Guardrail withdrawal,simulation/policy,Adapt spending by declared wealth/funding rules,Rules may require substantial spending cuts,44-household-simulation.md,RETIREMENT;CFP;CRA,Candidate/inventory definition; exact source-level implementation review pending,Complete exact method card; review source and applicability; independently derive examples; validate data/timing/numerics
QM-233,Household simulation and calculators,Funded-ratio policy,simulation/policy,Link spending/allocation to goal funding measures,Liability discount and future income assumptions,44-household-simulation.md,RETIREMENT;CFP;CRA,Candidate/inventory definition; exact source-level implementation review pending,Complete exact method card; review source and applicability; independently derive examples; validate data/timing/numerics
QM-234,Household simulation and calculators,Floor and upside policy,simulation/policy,Protect specified essential spending with conditional upside,Product costs counterparty inflation risks,44-household-simulation.md,RETIREMENT;CFP;CRA,Candidate/inventory definition; exact source-level implementation review pending,Complete exact method card; review source and applicability; independently derive examples; validate data/timing/numerics
QM-235,Household simulation and calculators,Bucket/bond-ladder policy,simulation/policy,Reserve cash/dated assets for withdrawal horizon,Opportunity cost reinvestment and default,44-household-simulation.md,RETIREMENT;CFP;CRA,Candidate/inventory definition; exact source-level implementation review pending,Complete exact method card; review source and applicability; independently derive examples; validate data/timing/numerics
QM-236,Household simulation and calculators,Annuity comparison,simulation/policy,Compare contract cash guarantees and liquidity,Issuer mortality fees tax and survivor terms,44-household-simulation.md,RETIREMENT;CFP;CRA,Candidate/inventory definition; exact source-level implementation review pending,Complete exact method card; review source and applicability; independently derive examples; validate data/timing/numerics
QM-237,Household simulation and calculators,Classic full FIRE scenario,simulation/policy,Fund chosen spending without required work income,Definition horizon and tax assumptions,44-household-simulation.md,RETIREMENT;CFP;CRA,Candidate/inventory definition; exact source-level implementation review pending,Complete exact method card; review source and applicability; independently derive examples; validate data/timing/numerics
QM-238,Household simulation and calculators,Lean/Fat FIRE scenarios,simulation/policy,Compare user-defined lower/higher spending goals,Labels have no universal thresholds,44-household-simulation.md,RETIREMENT;CFP;CRA,Candidate/inventory definition; exact source-level implementation review pending,Complete exact method card; review source and applicability; independently derive examples; validate data/timing/numerics
QM-239,Household simulation and calculators,Coast FIRE scenario,simulation/policy,Reduce contributions while work covers current expenses,Income and future real-return uncertainty,44-household-simulation.md,RETIREMENT;CFP;CRA,Candidate/inventory definition; exact source-level implementation review pending,Complete exact method card; review source and applicability; independently derive examples; validate data/timing/numerics
QM-240,Household simulation and calculators,Barista/partial-work FIRE,simulation/policy,Combine portfolio spending with continuing work income,Availability benefits hours and household constraints,44-household-simulation.md,RETIREMENT;CFP;CRA,Candidate/inventory definition; exact source-level implementation review pending,Complete exact method card; review source and applicability; independently derive examples; validate data/timing/numerics
QM-241,Household simulation and calculators,Phased/semi-retirement,simulation/policy,Change hours income spending and savings over time,Scenario-specific goals and dates,44-household-simulation.md,RETIREMENT;CFP;CRA,Candidate/inventory definition; exact source-level implementation review pending,Complete exact method card; review source and applicability; independently derive examples; validate data/timing/numerics
QM-242,Household simulation and calculators,Withdrawal account sequencing,simulation/policy,Choose account/lot use under explicit rules,Tax/legal cross-account effects,44-household-simulation.md,RETIREMENT;CFP;CRA,Candidate/inventory definition; exact source-level implementation review pending,Complete exact method card; review source and applicability; independently derive examples; validate data/timing/numerics
QM-243,Household simulation and calculators,Shortfall and success measures,simulation/policy,Report unmet needs severity duration and probability,Failure definition and uncertainty,44-household-simulation.md,RETIREMENT;CFP;CRA,Candidate/inventory definition; exact source-level implementation review pending,Complete exact method card; review source and applicability; independently derive examples; validate data/timing/numerics
QM-244,Household simulation and calculators,Sustainable consumption sensitivity,simulation/policy,Compare spending under alternative assumptions,Model uncertainty and welfare tradeoffs,44-household-simulation.md,RETIREMENT;CFP;CRA,Candidate/inventory definition; exact source-level implementation review pending,Complete exact method card; review source and applicability; independently derive examples; validate data/timing/numerics
QM-245,Household simulation and calculators,Estate legacy scenarios,simulation/policy,Project remaining assets and transfer goals,Country legal/tax review required,44-household-simulation.md,RETIREMENT;CFP;CRA,Candidate/inventory definition; exact source-level implementation review pending,Complete exact method card; review source and applicability; independently derive examples; validate data/timing/numerics
QM-246,Household simulation and calculators,Health/care and life-event stress,simulation/policy,Add spending income and household shocks,Correlations and sparse historical data,44-household-simulation.md,RETIREMENT;CFP;CRA,Candidate/inventory definition; exact source-level implementation review pending,Complete exact method card; review source and applicability; independently derive examples; validate data/timing/numerics
QM-247,Household simulation and calculators,Human-capital exposure,simulation/policy,Relate future work income to market/industry shocks,Uncertain nontradable income value,44-household-simulation.md,RETIREMENT;CFP;CRA,Candidate/inventory definition; exact source-level implementation review pending,Complete exact method card; review source and applicability; independently derive examples; validate data/timing/numerics
QM-248,Pricing risk and numerical methods,Discount factors and schedules,pricing/risk/numerical,Value dated cash flows under explicit curves,Day counts calendars compounding,38-numerical-model-risk.md,QUANTLIB;SVI;FRM,Candidate/inventory definition; exact source-level implementation review pending,Complete exact method card; review source and applicability; independently derive examples; validate data/timing/numerics
QM-249,Pricing risk and numerical methods,Curve bootstrap,pricing/risk/numerical,Fit discount/forward curves to qualified inputs,Instrument conventions and interpolation,38-numerical-model-risk.md,QUANTLIB;SVI;FRM,Candidate/inventory definition; exact source-level implementation review pending,Complete exact method card; review source and applicability; independently derive examples; validate data/timing/numerics
QM-250,Pricing risk and numerical methods,Yield and spread solvers,pricing/risk/numerical,Infer consistent bond yields/spreads,Multiple roots and callable interpretation,38-numerical-model-risk.md,QUANTLIB;SVI;FRM,Candidate/inventory definition; exact source-level implementation review pending,Complete exact method card; review source and applicability; independently derive examples; validate data/timing/numerics
QM-251,Pricing risk and numerical methods,Duration convexity key-rate DV01,pricing/risk/numerical,Measure local and curve-specific price sensitivity,Bump and currency units,38-numerical-model-risk.md,QUANTLIB;SVI;FRM,Candidate/inventory definition; exact source-level implementation review pending,Complete exact method card; review source and applicability; independently derive examples; validate data/timing/numerics
QM-252,Pricing risk and numerical methods,Default hazard recovery,pricing/risk/numerical,Value risky cash flows under a declared credit model,Spread liquidity versus default compensation,38-numerical-model-risk.md,QUANTLIB;SVI;FRM,Candidate/inventory definition; exact source-level implementation review pending,Complete exact method card; review source and applicability; independently derive examples; validate data/timing/numerics
QM-253,Pricing risk and numerical methods,Black Scholes Merton,pricing/risk/numerical,European equity reference pricing under declared inputs,Dividends assumptions and exercise style,38-numerical-model-risk.md,QUANTLIB;SVI;FRM,Candidate/inventory definition; exact source-level implementation review pending,Complete exact method card; review source and applicability; independently derive examples; validate data/timing/numerics
QM-254,Pricing risk and numerical methods,Black futures-option model,pricing/risk/numerical,European futures option reference pricing,Negative futures and suitability,38-numerical-model-risk.md,QUANTLIB;SVI;FRM,Candidate/inventory definition; exact source-level implementation review pending,Complete exact method card; review source and applicability; independently derive examples; validate data/timing/numerics
QM-255,Pricing risk and numerical methods,Bachelier normal model,pricing/risk/numerical,Reference normal-price option model,Normal-vol units and domain applicability,38-numerical-model-risk.md,QUANTLIB;SVI;FRM,Candidate/inventory definition; exact source-level implementation review pending,Complete exact method card; review source and applicability; independently derive examples; validate data/timing/numerics
QM-256,Pricing risk and numerical methods,FX option reference model,pricing/risk/numerical,Price with domestic/foreign discount conventions,Quote orientation and exercise,38-numerical-model-risk.md,QUANTLIB;SVI;FRM,Candidate/inventory definition; exact source-level implementation review pending,Complete exact method card; review source and applicability; independently derive examples; validate data/timing/numerics
QM-257,Pricing risk and numerical methods,Binomial trinomial trees,pricing/risk/numerical,Discrete exercise/pricing recursion,Convergence dividends and stability,38-numerical-model-risk.md,QUANTLIB;SVI;FRM,Candidate/inventory definition; exact source-level implementation review pending,Complete exact method card; review source and applicability; independently derive examples; validate data/timing/numerics
QM-258,Pricing risk and numerical methods,Finite-difference pricing,pricing/risk/numerical,Solve declared pricing PDE and exercise conditions,Boundary discretization and mesh convergence,38-numerical-model-risk.md,QUANTLIB;SVI;FRM,Candidate/inventory definition; exact source-level implementation review pending,Complete exact method card; review source and applicability; independently derive examples; validate data/timing/numerics
QM-259,Pricing risk and numerical methods,Monte Carlo pricing,pricing/risk/numerical,Estimate discounted scenario payoffs,Sampling bias variance and measure,38-numerical-model-risk.md,QUANTLIB;SVI;FRM,Candidate/inventory definition; exact source-level implementation review pending,Complete exact method card; review source and applicability; independently derive examples; validate data/timing/numerics
QM-260,Pricing risk and numerical methods,Variance reduction,pricing/risk/numerical,Improve simulation precision with declared technique,Unbiasedness and cost comparison,38-numerical-model-risk.md,QUANTLIB;SVI;FRM,Candidate/inventory definition; exact source-level implementation review pending,Complete exact method card; review source and applicability; independently derive examples; validate data/timing/numerics
QM-261,Pricing risk and numerical methods,American exercise models,pricing/risk/numerical,Value early-exercise rights under specific process,Dividends settlement and approximation error,38-numerical-model-risk.md,QUANTLIB;SVI;FRM,Candidate/inventory definition; exact source-level implementation review pending,Complete exact method card; review source and applicability; independently derive examples; validate data/timing/numerics
QM-262,Pricing risk and numerical methods,Implied volatility inversion,pricing/risk/numerical,Solve model volatility from qualified quote,Bounds bid/ask uncertainty and solver failure,38-numerical-model-risk.md,QUANTLIB;SVI;FRM,Candidate/inventory definition; exact source-level implementation review pending,Complete exact method card; review source and applicability; independently derive examples; validate data/timing/numerics
QM-263,Pricing risk and numerical methods,SVI SSVI calibration,pricing/risk/numerical,Fit declared implied-total-variance surfaces,Full arbitrage conditions and extrapolation,38-numerical-model-risk.md,QUANTLIB;SVI;FRM,Candidate/inventory definition; exact source-level implementation review pending,Complete exact method card; review source and applicability; independently derive examples; validate data/timing/numerics
QM-264,Pricing risk and numerical methods,SABR calibration,pricing/risk/numerical,Fit stated smile dynamics and approximation,Parameter stability and negative rates conventions,38-numerical-model-risk.md,QUANTLIB;SVI;FRM,Candidate/inventory definition; exact source-level implementation review pending,Complete exact method card; review source and applicability; independently derive examples; validate data/timing/numerics
QM-265,Pricing risk and numerical methods,Local volatility,pricing/risk/numerical,Infer state-local dynamics under model assumptions,Surface derivatives and stability,38-numerical-model-risk.md,QUANTLIB;SVI;FRM,Candidate/inventory definition; exact source-level implementation review pending,Complete exact method card; review source and applicability; independently derive examples; validate data/timing/numerics
QM-266,Pricing risk and numerical methods,Heston stochastic volatility,pricing/risk/numerical,Price under declared variance dynamics,Calibration identifiability and numerical methods,38-numerical-model-risk.md,QUANTLIB;SVI;FRM,Candidate/inventory definition; exact source-level implementation review pending,Complete exact method card; review source and applicability; independently derive examples; validate data/timing/numerics
QM-267,Pricing risk and numerical methods,Jump diffusion models,pricing/risk/numerical,Model discontinuities with stated distributions,Tail estimation and martingale consistency,38-numerical-model-risk.md,QUANTLIB;SVI;FRM,Candidate/inventory definition; exact source-level implementation review pending,Complete exact method card; review source and applicability; independently derive examples; validate data/timing/numerics
QM-268,Pricing risk and numerical methods,Hull White rate models,pricing/risk/numerical,Price under specified short-rate dynamics,Curve calibration and measure,38-numerical-model-risk.md,QUANTLIB;SVI;FRM,Candidate/inventory definition; exact source-level implementation review pending,Complete exact method card; review source and applicability; independently derive examples; validate data/timing/numerics
QM-269,Pricing risk and numerical methods,Credit structural models,pricing/risk/numerical,Relate firm assets liabilities and default,Unobserved assets barriers calibration,38-numerical-model-risk.md,QUANTLIB;SVI;FRM,Candidate/inventory definition; exact source-level implementation review pending,Complete exact method card; review source and applicability; independently derive examples; validate data/timing/numerics
QM-270,Pricing risk and numerical methods,Greeks finite differences,pricing/risk/numerical,Calculate sensitivities with declared bumps/units,Discontinuities and noisy simulation,38-numerical-model-risk.md,QUANTLIB;SVI;FRM,Candidate/inventory definition; exact source-level implementation review pending,Complete exact method card; review source and applicability; independently derive examples; validate data/timing/numerics
QM-271,Pricing risk and numerical methods,VaR historical parametric MC,pricing/risk/numerical,Estimate loss quantile under specified horizon,Tail assumptions and backtest scope,38-numerical-model-risk.md,QUANTLIB;SVI;FRM,Candidate/inventory definition; exact source-level implementation review pending,Complete exact method card; review source and applicability; independently derive examples; validate data/timing/numerics
QM-272,Pricing risk and numerical methods,Expected shortfall,pricing/risk/numerical,Average modeled losses in defined tail,Tail sample precision and liquidity horizon,38-numerical-model-risk.md,QUANTLIB;SVI;FRM,Candidate/inventory definition; exact source-level implementation review pending,Complete exact method card; review source and applicability; independently derive examples; validate data/timing/numerics
QM-273,Pricing risk and numerical methods,Historical hypothetical stress,pricing/risk/numerical,Revalue joint shocks and funding effects,Scenario completeness and dependencies,38-numerical-model-risk.md,QUANTLIB;SVI;FRM,Candidate/inventory definition; exact source-level implementation review pending,Complete exact method card; review source and applicability; independently derive examples; validate data/timing/numerics
QM-274,Pricing risk and numerical methods,Drawdown duration recovery,pricing/risk/numerical,Measure path losses from initial and later peaks,Flow adjustment and initial equity,38-numerical-model-risk.md,QUANTLIB;SVI;FRM,Candidate/inventory definition; exact source-level implementation review pending,Complete exact method card; review source and applicability; independently derive examples; validate data/timing/numerics
QM-275,Pricing risk and numerical methods,Implementation shortfall,pricing/risk/numerical,Compare actual execution to decision opportunity,Unfilled quantities and benchmarks,38-numerical-model-risk.md,QUANTLIB;SVI;FRM,Candidate/inventory definition; exact source-level implementation review pending,Complete exact method card; review source and applicability; independently derive examples; validate data/timing/numerics
QM-276,Pricing risk and numerical methods,TWR and dated IRR,pricing/risk/numerical,Measure portfolio versus investor cash-flow experience,Timing multiple roots and fees,38-numerical-model-risk.md,QUANTLIB;SVI;FRM,Candidate/inventory definition; exact source-level implementation review pending,Complete exact method card; review source and applicability; independently derive examples; validate data/timing/numerics
QM-277,Pricing risk and numerical methods,Risk scenario full revaluation,pricing/risk/numerical,Price all positions under consistent shocks,Model failure unsupported products,38-numerical-model-risk.md,QUANTLIB;SVI;FRM,Candidate/inventory definition; exact source-level implementation review pending,Complete exact method card; review source and applicability; independently derive examples; validate data/timing/numerics
QM-278,Performance and portfolio diagnostics,Annualized arithmetic/compound returns,metric/diagnostic,Report separately defined annualization conventions,Partial periods and irregular frequency,17-accounting.md,GIPS;OVERFIT;FRM,Candidate/inventory definition; exact source-level implementation review pending,Complete exact method card; review source and applicability; independently derive examples; validate data/timing/numerics
QM-279,Performance and portfolio diagnostics,Sharpe ratio,metric/diagnostic,Mean matching excess return relative to return volatility,Frequency dependence autocorrelation and nonnormality,17-accounting.md,GIPS;OVERFIT;FRM,Candidate/inventory definition; exact source-level implementation review pending,Complete exact method card; review source and applicability; independently derive examples; validate data/timing/numerics
QM-280,Performance and portfolio diagnostics,Sortino ratio,metric/diagnostic,Excess-to-target return relative to defined downside shortfall,Not standard deviation of only negative observations,17-accounting.md,GIPS;OVERFIT;FRM,Candidate/inventory definition; exact source-level implementation review pending,Complete exact method card; review source and applicability; independently derive examples; validate data/timing/numerics
QM-281,Performance and portfolio diagnostics,Calmar ratio,metric/diagnostic,Defined growth/return relative to maximum drawdown,Horizon and drawdown conventions,17-accounting.md,GIPS;OVERFIT;FRM,Candidate/inventory definition; exact source-level implementation review pending,Complete exact method card; review source and applicability; independently derive examples; validate data/timing/numerics
QM-282,Performance and portfolio diagnostics,Information ratio,metric/diagnostic,Active mean return relative to tracking error,Benchmark costs and overlap,17-accounting.md,GIPS;OVERFIT;FRM,Candidate/inventory definition; exact source-level implementation review pending,Complete exact method card; review source and applicability; independently derive examples; validate data/timing/numerics
QM-283,Performance and portfolio diagnostics,Treynor ratio,metric/diagnostic,Excess return relative to estimated market beta,Near-zero unstable beta,17-accounting.md,GIPS;OVERFIT;FRM,Candidate/inventory definition; exact source-level implementation review pending,Complete exact method card; review source and applicability; independently derive examples; validate data/timing/numerics
QM-284,Performance and portfolio diagnostics,Jensen alpha,metric/diagnostic,Regression intercept under a specified market model,Benchmark model dependence and inference,17-accounting.md,GIPS;OVERFIT;FRM,Candidate/inventory definition; exact source-level implementation review pending,Complete exact method card; review source and applicability; independently derive examples; validate data/timing/numerics
QM-285,Performance and portfolio diagnostics,Omega ratio,metric/diagnostic,Gains above threshold relative to shortfalls below it,Threshold choice tails and sample error,17-accounting.md,GIPS;OVERFIT;FRM,Candidate/inventory definition; exact source-level implementation review pending,Complete exact method card; review source and applicability; independently derive examples; validate data/timing/numerics
QM-286,Performance and portfolio diagnostics,Gain loss ratio,metric/diagnostic,Defined positive and negative outcome aggregation,Trade versus period definition,17-accounting.md,GIPS;OVERFIT;FRM,Candidate/inventory definition; exact source-level implementation review pending,Complete exact method card; review source and applicability; independently derive examples; validate data/timing/numerics
QM-287,Performance and portfolio diagnostics,Maximum drawdown and duration,metric/diagnostic,Peak-to-trough path loss and time below peak,Initial equity flows and missing marks,17-accounting.md,GIPS;OVERFIT;FRM,Candidate/inventory definition; exact source-level implementation review pending,Complete exact method card; review source and applicability; independently derive examples; validate data/timing/numerics
QM-288,Performance and portfolio diagnostics,Ulcer index,metric/diagnostic,Defined aggregate squared drawdowns,Compounded path and window conventions,17-accounting.md,GIPS;OVERFIT;FRM,Candidate/inventory definition; exact source-level implementation review pending,Complete exact method card; review source and applicability; independently derive examples; validate data/timing/numerics
QM-289,Performance and portfolio diagnostics,Skewness and kurtosis,metric/diagnostic,Defined return-distribution moments,Small samples heavy tails estimator conventions,17-accounting.md,GIPS;OVERFIT;FRM,Candidate/inventory definition; exact source-level implementation review pending,Complete exact method card; review source and applicability; independently derive examples; validate data/timing/numerics
QM-290,Performance and portfolio diagnostics,Hit rate payoff profit factor,metric/diagnostic,Win frequency size relation and total wins/losses,Trade grouping costs and dependence,17-accounting.md,GIPS;OVERFIT;FRM,Candidate/inventory definition; exact source-level implementation review pending,Complete exact method card; review source and applicability; independently derive examples; validate data/timing/numerics
QM-291,Performance and portfolio diagnostics,Exposure turnover holding period,metric/diagnostic,Summarize invested risk and position changes,Gross versus net notional and averaging,17-accounting.md,GIPS;OVERFIT;FRM,Candidate/inventory definition; exact source-level implementation review pending,Complete exact method card; review source and applicability; independently derive examples; validate data/timing/numerics
QM-292,Performance and portfolio diagnostics,Brinson attribution,metric/diagnostic,Explain allocation selection and interaction under a chosen framework,Currency benchmark multi-period linkage,17-accounting.md,GIPS;OVERFIT;FRM,Candidate/inventory definition; exact source-level implementation review pending,Complete exact method card; review source and applicability; independently derive examples; validate data/timing/numerics
QM-293,Performance and portfolio diagnostics,Factor attribution,metric/diagnostic,Explain modeled exposures and residual return,Collinearity changing betas and factor definition,17-accounting.md,GIPS;OVERFIT;FRM,Candidate/inventory definition; exact source-level implementation review pending,Complete exact method card; review source and applicability; independently derive examples; validate data/timing/numerics
QM-294,Performance and portfolio diagnostics,FX income cost attribution,metric/diagnostic,Reconcile currency effects distributions and implementation costs,Cross terms and accounting consistency,17-accounting.md,GIPS;OVERFIT;FRM,Candidate/inventory definition; exact source-level implementation review pending,Complete exact method card; review source and applicability; independently derive examples; validate data/timing/numerics
QM-295,Performance and portfolio diagnostics,Money-weighted return root diagnostics,metric/diagnostic,Enumerate dated IRR solutions and validity,Multiple nonexistent roots,17-accounting.md,GIPS;OVERFIT;FRM,Candidate/inventory definition; exact source-level implementation review pending,Complete exact method card; review source and applicability; independently derive examples; validate data/timing/numerics
QM-296,Performance and portfolio diagnostics,Benchmark tracking difference,metric/diagnostic,Compare investor-net total return to proper benchmark,Currency hedging flows and fees,17-accounting.md,GIPS;OVERFIT;FRM,Candidate/inventory definition; exact source-level implementation review pending,Complete exact method card; review source and applicability; independently derive examples; validate data/timing/numerics
QM-297,Extended factor/theory candidates,Arbitrage pricing theory APT,model/research candidate,Analyze declared factor-pricing restrictions,Exact identification and tradable proxy assumptions,08-factors.md,COCHRANE;OPEN-AP;PRADO-PUBLICATIONS,Candidate/inventory definition; exact source-level implementation review pending,Complete exact method card; review source and applicability; independently derive examples; validate data/timing/numerics
QM-298,Extended factor/theory candidates,Intertemporal CAPM,model/research candidate,Model state-risk compensation over time,State variables and empirical identification,08-factors.md,COCHRANE;OPEN-AP;PRADO-PUBLICATIONS,Candidate/inventory definition; exact source-level implementation review pending,Complete exact method card; review source and applicability; independently derive examples; validate data/timing/numerics
QM-299,Extended factor/theory candidates,Consumption-based pricing,model/research candidate,Relate returns to marginal consumption risk,Aggregate measurement and model assumptions,08-factors.md,COCHRANE;OPEN-AP;PRADO-PUBLICATIONS,Candidate/inventory definition; exact source-level implementation review pending,Complete exact method card; review source and applicability; independently derive examples; validate data/timing/numerics
QM-300,Extended factor/theory candidates,Conditional factor models,model/research candidate,Condition exposures/premia on historically available information,Predictor leakage and regime selection,08-factors.md,COCHRANE;OPEN-AP;PRADO-PUBLICATIONS,Candidate/inventory definition; exact source-level implementation review pending,Complete exact method card; review source and applicability; independently derive examples; validate data/timing/numerics
QM-301,Extended factor/theory candidates,Q-factor extensions,model/research candidate,Compare published investment-based factor variants,Version-specific construction and exact paper review,08-factors.md,COCHRANE;OPEN-AP;PRADO-PUBLICATIONS,Candidate/inventory definition; exact source-level implementation review pending,Complete exact method card; review source and applicability; independently derive examples; validate data/timing/numerics
QM-302,Extended factor/theory candidates,Mispricing factor models,model/research candidate,Study documented composite anomaly-pricing models,Selection and risk versus anomaly interpretation,08-factors.md,COCHRANE;OPEN-AP;PRADO-PUBLICATIONS,Candidate/inventory definition; exact source-level implementation review pending,Complete exact method card; review source and applicability; independently derive examples; validate data/timing/numerics
QM-303,Extended factor/theory candidates,Instrumented PCA factor models,model/research candidate,Model characteristic-conditioned latent exposures,Identification training and complexity,08-factors.md,COCHRANE;OPEN-AP;PRADO-PUBLICATIONS,Candidate/inventory definition; exact source-level implementation review pending,Complete exact method card; review source and applicability; independently derive examples; validate data/timing/numerics
QM-304,Extended factor/theory candidates,Nonlinear ML asset pricing,model/research candidate,Predict/model conditional returns/exposures with explicit architecture,Overfit interpretation and net economics,08-factors.md,COCHRANE;OPEN-AP;PRADO-PUBLICATIONS,Candidate/inventory definition; exact source-level implementation review pending,Complete exact method card; review source and applicability; independently derive examples; validate data/timing/numerics
QM-305,Extended factor/theory candidates,Causal factor research,model/research candidate,Distinguish causal mechanisms from associations,Identification assumptions and falsifiable designs,08-factors.md,COCHRANE;OPEN-AP;PRADO-PUBLICATIONS,Candidate/inventory definition; exact source-level implementation review pending,Complete exact method card; review source and applicability; independently derive examples; validate data/timing/numerics
QM-306,Extended factor/theory candidates,Bond term premium models,model/research candidate,Decompose expected short rates and premium under stated model,Latent estimates are not observable facts,08-factors.md,COCHRANE;OPEN-AP;PRADO-PUBLICATIONS,Candidate/inventory definition; exact source-level implementation review pending,Complete exact method card; review source and applicability; independently derive examples; validate data/timing/numerics
